CREATE TABLE ENTRENADOR (
  ID_ENTRENADOR int(11) NOT NULL,
  NOM_ENTRENADOR varchar(20) NOT NULL,
  PASSWORD varchar(20) NOT NULL,
  POKEDOLARES decimal(17,0),
  CONSTRAINT ENT_PK PRIMARY KEY(ID_ENTRENADOR)
);
INSERT INTO ENTRENADOR (ID_ENTRENADOR, NOM_ENTRENADOR, PASSWORD, POKEDOLARES) VALUES (1, 'Ash', '123456', 10000);
INSERT INTO ENTRENADOR (ID_ENTRENADOR, NOM_ENTRENADOR, PASSWORD, POKEDOLARES) VALUES (2, 'Misty', '123456', 8000);
INSERT INTO ENTRENADOR (ID_ENTRENADOR, NOM_ENTRENADOR, PASSWORD, POKEDOLARES) VALUES (3, 'Brock', '123456', 7500);
INSERT INTO ENTRENADOR (ID_ENTRENADOR, NOM_ENTRENADOR, PASSWORD, POKEDOLARES) VALUES (4, 'Gary', '123456', 12000);
INSERT INTO ENTRENADOR (ID_ENTRENADOR, NOM_ENTRENADOR, PASSWORD, POKEDOLARES) VALUES (5, 'May', '123456', 9000);
INSERT INTO ENTRENADOR (ID_ENTRENADOR, NOM_ENTRENADOR, PASSWORD, POKEDOLARES) VALUES (6, 'Dawn', '123456', 8500);
INSERT INTO ENTRENADOR (ID_ENTRENADOR, NOM_ENTRENADOR, PASSWORD, POKEDOLARES) VALUES (7, 'Serena', '123456', 11000);
INSERT INTO ENTRENADOR (ID_ENTRENADOR, NOM_ENTRENADOR, PASSWORD, POKEDOLARES) VALUES (8, 'Cynthia', '123456', 15000);
INSERT INTO ENTRENADOR (ID_ENTRENADOR, NOM_ENTRENADOR, PASSWORD, POKEDOLARES) VALUES (9, 'Red', '123456', 20000);
INSERT INTO ENTRENADOR (ID_ENTRENADOR, NOM_ENTRENADOR, PASSWORD, POKEDOLARES) VALUES (10, 'Blue', '123456', 18000);
INSERT INTO ENTRENADOR (ID_ENTRENADOR, NOM_ENTRENADOR, PASSWORD, POKEDOLARES) VALUES (11, 'Luis', '123456', 25000);
INSERT INTO ENTRENADOR (ID_ENTRENADOR, NOM_ENTRENADOR, PASSWORD, POKEDOLARES) VALUES (12, 'Paco', '123456', 16000);


CREATE TABLE POKEDEX (
  NUM_POKEDEX int(11) NOT NULL,
  NOM_POKEMON varchar(30) NOT NULL,
  TIPO1 varchar(20) NOT NULL,
  TIPO2 varchar(20),
  IMAGEN_FRONT varchar(100) NOT NULL,
  IMAGEN_BACK varchar(100) NOT NULL,
  SONIDO varchar(100) NOT NULL,
  NIVEL_EVOLUCION int(11),
  NUM_POKEDEX_EVO int(11),
  CONSTRAINT PKX_PK PRIMARY KEY(NUM_POKEDEX)
);

INSERT INTO POKEDEX (NUM_POKEDEX, NOM_POKEMON, TIPO1, TIPO2, IMAGEN_FRONT, IMAGEN_BACK, SONIDO, NIVEL_EVOLUCION, NUM_POKEDEX_EVO) VALUES (1, 'Bulbasaur', 'Planta', 'Veneno', 'bulbasaur_front.png', 'bulbasaur_back.png', 'bulbasaur.mp3', 16, 2);
INSERT INTO POKEDEX (NUM_POKEDEX, NOM_POKEMON, TIPO1, TIPO2, IMAGEN_FRONT, IMAGEN_BACK, SONIDO, NIVEL_EVOLUCION, NUM_POKEDEX_EVO) VALUES (2, 'Ivysaur', 'Planta', 'Veneno', 'ivysaur_front.png', 'ivysaur_back.png', 'ivysaur.mp3', 32, 3);
INSERT INTO POKEDEX (NUM_POKEDEX, NOM_POKEMON, TIPO1, TIPO2, IMAGEN_FRONT, IMAGEN_BACK, SONIDO, NIVEL_EVOLUCION, NUM_POKEDEX_EVO) VALUES (3, 'Venusaur', 'Planta', 'Veneno', 'venusaur_front.png', 'venusaur_back.png', 'venusaur.mp3', NULL, NULL);
INSERT INTO POKEDEX (NUM_POKEDEX, NOM_POKEMON, TIPO1, TIPO2, IMAGEN_FRONT, IMAGEN_BACK, SONIDO, NIVEL_EVOLUCION, NUM_POKEDEX_EVO) VALUES (4, 'Charmander', 'Fuego', NULL, 'charmander_front.png', 'charmander_back.png', 'charmander.mp3', 16, 5);
INSERT INTO POKEDEX (NUM_POKEDEX, NOM_POKEMON, TIPO1, TIPO2, IMAGEN_FRONT, IMAGEN_BACK, SONIDO, NIVEL_EVOLUCION, NUM_POKEDEX_EVO) VALUES (5, 'Charmeleon', 'Fuego', NULL, 'charmeleon_front.png', 'charmeleon_back.png', 'charmeleon.mp3', 36, 6);
INSERT INTO POKEDEX (NUM_POKEDEX, NOM_POKEMON, TIPO1, TIPO2, IMAGEN_FRONT, IMAGEN_BACK, SONIDO, NIVEL_EVOLUCION, NUM_POKEDEX_EVO) VALUES (6, 'Charizard', 'Fuego', 'Volador', 'charizard_front.png', 'charizard_back.png', 'charizard.mp3', NULL, NULL);
INSERT INTO POKEDEX (NUM_POKEDEX, NOM_POKEMON, TIPO1, TIPO2, IMAGEN_FRONT, IMAGEN_BACK, SONIDO, NIVEL_EVOLUCION, NUM_POKEDEX_EVO) VALUES (7, 'Squirtle', 'Agua', NULL, 'squirtle_front.png', 'squirtle_back.png', 'squirtle.mp3', 16, 8);
INSERT INTO POKEDEX (NUM_POKEDEX, NOM_POKEMON, TIPO1, TIPO2, IMAGEN_FRONT, IMAGEN_BACK, SONIDO, NIVEL_EVOLUCION, NUM_POKEDEX_EVO) VALUES (8, 'Wartortle', 'Agua', NULL, 'wartortle_front.png', 'wartortle_back.png', 'wartortle.mp3', 36, 9);
INSERT INTO POKEDEX (NUM_POKEDEX, NOM_POKEMON, TIPO1, TIPO2, IMAGEN_FRONT, IMAGEN_BACK, SONIDO, NIVEL_EVOLUCION, NUM_POKEDEX_EVO) VALUES (9, 'Blastoise', 'Agua', NULL, 'blastoise_front.png', 'blastoise_back.png', 'blastoise.mp3', NULL, NULL);
INSERT INTO POKEDEX (NUM_POKEDEX, NOM_POKEMON, TIPO1, TIPO2, IMAGEN_FRONT, IMAGEN_BACK, SONIDO, NIVEL_EVOLUCION, NUM_POKEDEX_EVO) VALUES (10, 'Caterpie', 'Bicho', NULL, 'caterpie_front.png', 'caterpie_back.png', 'caterpie.mp3', 7, 11);INSERT INTO POKEDEX (NUM_POKEDEX, NOM_POKEMON, TIPO1, TIPO2, IMAGEN_FRONT, IMAGEN_BACK, SONIDO, NIVEL_EVOLUCION, NUM_POKEDEX_EVO) VALUES (11, 'Metapod', 'Bicho', NULL, 'metapod_front.png', 'metapod_back.png', 'metapod.mp3', 10, 12);
INSERT INTO POKEDEX (NUM_POKEDEX, NOM_POKEMON, TIPO1, TIPO2, IMAGEN_FRONT, IMAGEN_BACK, SONIDO, NIVEL_EVOLUCION, NUM_POKEDEX_EVO) VALUES (12, 'Butterfree', 'Bicho', 'Volador', 'butterfree_front.png', 'butterfree_back.png', 'butterfree.mp3', NULL, NULL);
INSERT INTO POKEDEX (NUM_POKEDEX, NOM_POKEMON, TIPO1, TIPO2, IMAGEN_FRONT, IMAGEN_BACK, SONIDO, NIVEL_EVOLUCION, NUM_POKEDEX_EVO) VALUES (13, 'Weedle', 'Bicho', 'Veneno', 'weedle_front.png', 'weedle_back.png', 'weedle.mp3', 7, 14);
INSERT INTO POKEDEX (NUM_POKEDEX, NOM_POKEMON, TIPO1, TIPO2, IMAGEN_FRONT, IMAGEN_BACK, SONIDO, NIVEL_EVOLUCION, NUM_POKEDEX_EVO) VALUES (14, 'Kakuna', 'Bicho', 'Veneno', 'kakuna_front.png', 'kakuna_back.png', 'kakuna.mp3', 10, 15);
INSERT INTO POKEDEX (NUM_POKEDEX, NOM_POKEMON, TIPO1, TIPO2, IMAGEN_FRONT, IMAGEN_BACK, SONIDO, NIVEL_EVOLUCION, NUM_POKEDEX_EVO) VALUES (15, 'Beedrill', 'Bicho', 'Veneno', 'beedrill_front.png', 'beedrill_back.png', 'beedrill.mp3', NULL, NULL);
INSERT INTO POKEDEX (NUM_POKEDEX, NOM_POKEMON, TIPO1, TIPO2, IMAGEN_FRONT, IMAGEN_BACK, SONIDO, NIVEL_EVOLUCION, NUM_POKEDEX_EVO) VALUES (16, 'Pidgey', 'Normal', 'Volador', 'pidgey_front.png', 'pidgey_back.png', 'pidgey.mp3', 18, 17);
INSERT INTO POKEDEX (NUM_POKEDEX, NOM_POKEMON, TIPO1, TIPO2, IMAGEN_FRONT, IMAGEN_BACK, SONIDO, NIVEL_EVOLUCION, NUM_POKEDEX_EVO) VALUES (17, 'Pidgeotto', 'Normal', 'Volador', 'pidgeotto_front.png', 'pidgeotto_back.png', 'pidgeotto.mp3', 36, 18);
INSERT INTO POKEDEX (NUM_POKEDEX, NOM_POKEMON, TIPO1, TIPO2, IMAGEN_FRONT, IMAGEN_BACK, SONIDO, NIVEL_EVOLUCION, NUM_POKEDEX_EVO) VALUES (18, 'Pidgeot', 'Normal', 'Volador', 'pidgeot_front.png', 'pidgeot_back.png', 'pidgeot.mp3', NULL, NULL);
INSERT INTO POKEDEX (NUM_POKEDEX, NOM_POKEMON, TIPO1, TIPO2, IMAGEN_FRONT, IMAGEN_BACK, SONIDO, NIVEL_EVOLUCION, NUM_POKEDEX_EVO) VALUES (19, 'Rattata', 'Normal', NULL, 'rattata_front.png', 'rattata_back.png', 'rattata.mp3', 20, 20);
INSERT INTO POKEDEX (NUM_POKEDEX, NOM_POKEMON, TIPO1, TIPO2, IMAGEN_FRONT, IMAGEN_BACK, SONIDO, NIVEL_EVOLUCION, NUM_POKEDEX_EVO) VALUES (20, 'Raticate', 'Normal', NULL, 'raticate_front.png', 'raticate_back.png', 'raticate.mp3', NULL, NULL);
INSERT INTO POKEDEX (NUM_POKEDEX, NOM_POKEMON, TIPO1, TIPO2, IMAGEN_FRONT, IMAGEN_BACK, SONIDO, NIVEL_EVOLUCION, NUM_POKEDEX_EVO) VALUES (21, 'Spearow', 'Normal', 'Volador', 'spearow_front.png', 'spearow_back.png', 'spearow.mp3', 20, 22);
INSERT INTO POKEDEX (NUM_POKEDEX, NOM_POKEMON, TIPO1, TIPO2, IMAGEN_FRONT, IMAGEN_BACK, SONIDO, NIVEL_EVOLUCION, NUM_POKEDEX_EVO) VALUES (22, 'Fearow', 'Normal', 'Volador', 'fearow_front.png', 'fearow_back.png', 'fearow.mp3', NULL, NULL);
INSERT INTO POKEDEX (NUM_POKEDEX, NOM_POKEMON, TIPO1, TIPO2, IMAGEN_FRONT, IMAGEN_BACK, SONIDO, NIVEL_EVOLUCION, NUM_POKEDEX_EVO) VALUES (23, 'Ekans', 'Veneno', NULL, 'ekans_front.png', 'ekans_back.png', 'ekans.mp3', 22, 24);
INSERT INTO POKEDEX (NUM_POKEDEX, NOM_POKEMON, TIPO1, TIPO2, IMAGEN_FRONT, IMAGEN_BACK, SONIDO, NIVEL_EVOLUCION, NUM_POKEDEX_EVO) VALUES (24, 'Arbok', 'Veneno', NULL, 'arbok_front.png', 'arbok_back.png', 'arbok.mp3', NULL, NULL);
INSERT INTO POKEDEX (NUM_POKEDEX, NOM_POKEMON, TIPO1, TIPO2, IMAGEN_FRONT, IMAGEN_BACK, SONIDO, NIVEL_EVOLUCION, NUM_POKEDEX_EVO) VALUES (25, 'Pikachu', 'Eléctrico', NULL, 'pikachu_front.png', 'pikachu_back.png', 'pikachu.mp3', 25, 26);
INSERT INTO POKEDEX (NUM_POKEDEX, NOM_POKEMON, TIPO1, TIPO2, IMAGEN_FRONT, IMAGEN_BACK, SONIDO, NIVEL_EVOLUCION, NUM_POKEDEX_EVO) VALUES (26, 'Raichu', 'Eléctrico', NULL, 'raichu_front.png', 'raichu_back.png', 'raichu.mp3', NULL, NULL);
INSERT INTO POKEDEX (NUM_POKEDEX, NOM_POKEMON, TIPO1, TIPO2, IMAGEN_FRONT, IMAGEN_BACK, SONIDO, NIVEL_EVOLUCION, NUM_POKEDEX_EVO) VALUES (27, 'Sandshrew', 'Tierra', NULL, 'sandshrew_front.png', 'sandshrew_back.png', 'sandshrew.mp3', 22, 28);
INSERT INTO POKEDEX (NUM_POKEDEX, NOM_POKEMON, TIPO1, TIPO2, IMAGEN_FRONT, IMAGEN_BACK, SONIDO, NIVEL_EVOLUCION, NUM_POKEDEX_EVO) VALUES (28, 'Sandslash', 'Tierra', NULL, 'sandslash_front.png', 'sandslash_back.png', 'sandslash.mp3', NULL, NULL);
INSERT INTO POKEDEX (NUM_POKEDEX, NOM_POKEMON, TIPO1, TIPO2, IMAGEN_FRONT, IMAGEN_BACK, SONIDO, NIVEL_EVOLUCION, NUM_POKEDEX_EVO) VALUES (29, 'Nidoran♀', 'Veneno', NULL, 'nidoran_f_front.png', 'nidoran_f_back.png', 'nidoran.mp3', 16, 30);
INSERT INTO POKEDEX (NUM_POKEDEX, NOM_POKEMON, TIPO1, TIPO2, IMAGEN_FRONT, IMAGEN_BACK, SONIDO, NIVEL_EVOLUCION, NUM_POKEDEX_EVO) VALUES (30, 'Nidorina', 'Veneno', NULL, 'nidorina_front.png', 'nidorina_back.png', 'nidorina.mp3', 36, 31);INSERT INTO POKEDEX (NUM_POKEDEX, NOM_POKEMON, TIPO1, TIPO2, IMAGEN_FRONT, IMAGEN_BACK, SONIDO, NIVEL_EVOLUCION, NUM_POKEDEX_EVO) VALUES (31, 'Nidoqueen', 'Veneno', 'Tierra', 'nidoqueen_front.png', 'nidoqueen_back.png', 'nidoqueen.mp3', NULL, NULL);
INSERT INTO POKEDEX (NUM_POKEDEX, NOM_POKEMON, TIPO1, TIPO2, IMAGEN_FRONT, IMAGEN_BACK, SONIDO, NIVEL_EVOLUCION, NUM_POKEDEX_EVO) VALUES (32, 'Nidoran♂', 'Veneno', NULL, 'nidoran_m_front.png', 'nidoran_m_back.png', 'nidoran.mp3', 16, 33);
INSERT INTO POKEDEX (NUM_POKEDEX, NOM_POKEMON, TIPO1, TIPO2, IMAGEN_FRONT, IMAGEN_BACK, SONIDO, NIVEL_EVOLUCION, NUM_POKEDEX_EVO) VALUES (33, 'Nidorino', 'Veneno', NULL, 'nidorino_front.png', 'nidorino_back.png', 'nidorino.mp3', 36, 34);
INSERT INTO POKEDEX (NUM_POKEDEX, NOM_POKEMON, TIPO1, TIPO2, IMAGEN_FRONT, IMAGEN_BACK, SONIDO, NIVEL_EVOLUCION, NUM_POKEDEX_EVO) VALUES (34, 'Nidoking', 'Veneno', 'Tierra', 'nidoking_front.png', 'nidoking_back.png', 'nidoking.mp3', NULL, NULL);
INSERT INTO POKEDEX (NUM_POKEDEX, NOM_POKEMON, TIPO1, TIPO2, IMAGEN_FRONT, IMAGEN_BACK, SONIDO, NIVEL_EVOLUCION, NUM_POKEDEX_EVO) VALUES (35, 'Clefairy', 'Hada', NULL, 'clefairy_front.png', 'clefairy_back.png', 'clefairy.mp3', 16, 36);
INSERT INTO POKEDEX (NUM_POKEDEX, NOM_POKEMON, TIPO1, TIPO2, IMAGEN_FRONT, IMAGEN_BACK, SONIDO, NIVEL_EVOLUCION, NUM_POKEDEX_EVO) VALUES (36, 'Clefable', 'Hada', NULL, 'clefable_front.png', 'clefable_back.png', 'clefable.mp3', NULL, NULL);
INSERT INTO POKEDEX (NUM_POKEDEX, NOM_POKEMON, TIPO1, TIPO2, IMAGEN_FRONT, IMAGEN_BACK, SONIDO, NIVEL_EVOLUCION, NUM_POKEDEX_EVO) VALUES (37, 'Vulpix', 'Fuego', NULL, 'vulpix_front.png', 'vulpix_back.png', 'vulpix.mp3', 16, 38);
INSERT INTO POKEDEX (NUM_POKEDEX, NOM_POKEMON, TIPO1, TIPO2, IMAGEN_FRONT, IMAGEN_BACK, SONIDO, NIVEL_EVOLUCION, NUM_POKEDEX_EVO) VALUES (38, 'Ninetales', 'Fuego', NULL, 'ninetales_front.png', 'ninetales_back.png', 'ninetales.mp3', NULL, NULL);
INSERT INTO POKEDEX (NUM_POKEDEX, NOM_POKEMON, TIPO1, TIPO2, IMAGEN_FRONT, IMAGEN_BACK, SONIDO, NIVEL_EVOLUCION, NUM_POKEDEX_EVO) VALUES (39, 'Jigglypuff', 'Normal', 'Hada', 'jigglypuff_front.png', 'jigglypuff_back.png', 'jigglypuff.mp3', 16, 40);
INSERT INTO POKEDEX (NUM_POKEDEX, NOM_POKEMON, TIPO1, TIPO2, IMAGEN_FRONT, IMAGEN_BACK, SONIDO, NIVEL_EVOLUCION, NUM_POKEDEX_EVO) VALUES (40, 'Wigglytuff', 'Normal', 'Hada', 'wigglytuff_front.png', 'wigglytuff_back.png', 'wigglytuff.mp3', NULL, NULL);
INSERT INTO POKEDEX (NUM_POKEDEX, NOM_POKEMON, TIPO1, TIPO2, IMAGEN_FRONT, IMAGEN_BACK, SONIDO, NIVEL_EVOLUCION, NUM_POKEDEX_EVO) VALUES (41, 'Zubat', 'Veneno', 'Volador', 'zubat_front.png', 'zubat_back.png', 'zubat.mp3', 22, 42);
INSERT INTO POKEDEX (NUM_POKEDEX, NOM_POKEMON, TIPO1, TIPO2, IMAGEN_FRONT, IMAGEN_BACK, SONIDO, NIVEL_EVOLUCION, NUM_POKEDEX_EVO) VALUES (42, 'Golbat', 'Veneno', 'Volador', 'golbat_front.png', 'golbat_back.png', 'golbat.mp3', NULL, NULL);
INSERT INTO POKEDEX (NUM_POKEDEX, NOM_POKEMON, TIPO1, TIPO2, IMAGEN_FRONT, IMAGEN_BACK, SONIDO, NIVEL_EVOLUCION, NUM_POKEDEX_EVO) VALUES (43, 'Oddish', 'Planta', 'Veneno', 'oddish_front.png', 'oddish_back.png', 'oddish.mp3', 21, 44);
INSERT INTO POKEDEX (NUM_POKEDEX, NOM_POKEMON, TIPO1, TIPO2, IMAGEN_FRONT, IMAGEN_BACK, SONIDO, NIVEL_EVOLUCION, NUM_POKEDEX_EVO) VALUES (44, 'Gloom', 'Planta', 'Veneno', 'gloom_front.png', 'gloom_back.png', 'gloom.mp3', 21, 45);
INSERT INTO POKEDEX (NUM_POKEDEX, NOM_POKEMON, TIPO1, TIPO2, IMAGEN_FRONT, IMAGEN_BACK, SONIDO, NIVEL_EVOLUCION, NUM_POKEDEX_EVO) VALUES (45, 'Vileplume', 'Planta', 'Veneno', 'vileplume_front.png', 'vileplume_back.png', 'vileplume.mp3', NULL, NULL);
INSERT INTO POKEDEX (NUM_POKEDEX, NOM_POKEMON, TIPO1, TIPO2, IMAGEN_FRONT, IMAGEN_BACK, SONIDO, NIVEL_EVOLUCION, NUM_POKEDEX_EVO) VALUES (46, 'Paras', 'Bicho', 'Planta', 'paras_front.png', 'paras_back.png', 'paras.mp3', 24, 47);
INSERT INTO POKEDEX (NUM_POKEDEX, NOM_POKEMON, TIPO1, TIPO2, IMAGEN_FRONT, IMAGEN_BACK, SONIDO, NIVEL_EVOLUCION, NUM_POKEDEX_EVO) VALUES (47, 'Parasect', 'Bicho', 'Planta', 'parasect_front.png', 'parasect_back.png', 'parasect.mp3', NULL, NULL);
INSERT INTO POKEDEX (NUM_POKEDEX, NOM_POKEMON, TIPO1, TIPO2, IMAGEN_FRONT, IMAGEN_BACK, SONIDO, NIVEL_EVOLUCION, NUM_POKEDEX_EVO) VALUES (48, 'Venonat', 'Bicho', 'Veneno', 'venonat_front.png', 'venonat_back.png', 'venonat.mp3', 31, 49);
INSERT INTO POKEDEX (NUM_POKEDEX, NOM_POKEMON, TIPO1, TIPO2, IMAGEN_FRONT, IMAGEN_BACK, SONIDO, NIVEL_EVOLUCION, NUM_POKEDEX_EVO) VALUES (49, 'Venomoth', 'Bicho', 'Veneno', 'venomoth_front.png', 'venomoth_back.png', 'venomoth.mp3', NULL, NULL);
INSERT INTO POKEDEX (NUM_POKEDEX, NOM_POKEMON, TIPO1, TIPO2, IMAGEN_FRONT, IMAGEN_BACK, SONIDO, NIVEL_EVOLUCION, NUM_POKEDEX_EVO) VALUES (50, 'Diglett', 'Tierra', NULL, 'diglett_front.png', 'diglett_back.png', 'diglett.mp3', 26, 51);INSERT INTO POKEDEX (NUM_POKEDEX, NOM_POKEMON, TIPO1, TIPO2, IMAGEN_FRONT, IMAGEN_BACK, SONIDO, NIVEL_EVOLUCION, NUM_POKEDEX_EVO) VALUES (51, 'Dugtrio', 'Tierra', NULL, 'dugtrio_front.png', 'dugtrio_back.png', 'dugtrio.mp3', NULL, NULL);
INSERT INTO POKEDEX (NUM_POKEDEX, NOM_POKEMON, TIPO1, TIPO2, IMAGEN_FRONT, IMAGEN_BACK, SONIDO, NIVEL_EVOLUCION, NUM_POKEDEX_EVO) VALUES (52, 'Meowth', 'Normal', NULL, 'meowth_front.png', 'meowth_back.png', 'meowth.mp3', 28, 53);
INSERT INTO POKEDEX (NUM_POKEDEX, NOM_POKEMON, TIPO1, TIPO2, IMAGEN_FRONT, IMAGEN_BACK, SONIDO, NIVEL_EVOLUCION, NUM_POKEDEX_EVO) VALUES (53, 'Persian', 'Normal', NULL, 'persian_front.png', 'persian_back.png', 'persian.mp3', NULL, NULL);
INSERT INTO POKEDEX (NUM_POKEDEX, NOM_POKEMON, TIPO1, TIPO2, IMAGEN_FRONT, IMAGEN_BACK, SONIDO, NIVEL_EVOLUCION, NUM_POKEDEX_EVO) VALUES (54, 'Psyduck', 'Agua', NULL, 'psyduck_front.png', 'psyduck_back.png', 'psyduck.mp3', 33, 55);
INSERT INTO POKEDEX (NUM_POKEDEX, NOM_POKEMON, TIPO1, TIPO2, IMAGEN_FRONT, IMAGEN_BACK, SONIDO, NIVEL_EVOLUCION, NUM_POKEDEX_EVO) VALUES (55, 'Golduck', 'Agua', NULL, 'golduck_front.png', 'golduck_back.png', 'golduck.mp3', NULL, NULL);
INSERT INTO POKEDEX (NUM_POKEDEX, NOM_POKEMON, TIPO1, TIPO2, IMAGEN_FRONT, IMAGEN_BACK, SONIDO, NIVEL_EVOLUCION, NUM_POKEDEX_EVO) VALUES (56, 'Mankey', 'Lucha', NULL, 'mankey_front.png', 'mankey_back.png', 'mankey.mp3', 28, 57);
INSERT INTO POKEDEX (NUM_POKEDEX, NOM_POKEMON, TIPO1, TIPO2, IMAGEN_FRONT, IMAGEN_BACK, SONIDO, NIVEL_EVOLUCION, NUM_POKEDEX_EVO) VALUES (57, 'Primeape', 'Lucha', NULL, 'primeape_front.png', 'primeape_back.png', 'primeape.mp3', NULL, NULL);
INSERT INTO POKEDEX (NUM_POKEDEX, NOM_POKEMON, TIPO1, TIPO2, IMAGEN_FRONT, IMAGEN_BACK, SONIDO, NIVEL_EVOLUCION, NUM_POKEDEX_EVO) VALUES (58, 'Growlithe', 'Fuego', NULL, 'growlithe_front.png', 'growlithe_back.png', 'growlithe.mp3', 36, 59);
INSERT INTO POKEDEX (NUM_POKEDEX, NOM_POKEMON, TIPO1, TIPO2, IMAGEN_FRONT, IMAGEN_BACK, SONIDO, NIVEL_EVOLUCION, NUM_POKEDEX_EVO) VALUES (59, 'Arcanine', 'Fuego', NULL, 'arcanine_front.png', 'arcanine_back.png', 'arcanine.mp3', NULL, NULL);
INSERT INTO POKEDEX (NUM_POKEDEX, NOM_POKEMON, TIPO1, TIPO2, IMAGEN_FRONT, IMAGEN_BACK, SONIDO, NIVEL_EVOLUCION, NUM_POKEDEX_EVO) VALUES (60, 'Poliwag', 'Agua', NULL, 'poliwag_front.png', 'poliwag_back.png', 'poliwag.mp3', 25, 61);
INSERT INTO POKEDEX (NUM_POKEDEX, NOM_POKEMON, TIPO1, TIPO2, IMAGEN_FRONT, IMAGEN_BACK, SONIDO, NIVEL_EVOLUCION, NUM_POKEDEX_EVO) VALUES (61, 'Poliwhirl', 'Agua', NULL, 'poliwhirl_front.png', 'poliwhirl_back.png', 'poliwhirl.mp3', 35, 62);
INSERT INTO POKEDEX (NUM_POKEDEX, NOM_POKEMON, TIPO1, TIPO2, IMAGEN_FRONT, IMAGEN_BACK, SONIDO, NIVEL_EVOLUCION, NUM_POKEDEX_EVO) VALUES (62, 'Poliwrath', 'Agua', 'Lucha', 'poliwrath_front.png', 'poliwrath_back.png', 'poliwrath.mp3', NULL, NULL);
INSERT INTO POKEDEX (NUM_POKEDEX, NOM_POKEMON, TIPO1, TIPO2, IMAGEN_FRONT, IMAGEN_BACK, SONIDO, NIVEL_EVOLUCION, NUM_POKEDEX_EVO) VALUES (63, 'Abra', 'Psíquico', NULL, 'abra_front.png', 'abra_back.png', 'abra.mp3', 16, 64);
INSERT INTO POKEDEX (NUM_POKEDEX, NOM_POKEMON, TIPO1, TIPO2, IMAGEN_FRONT, IMAGEN_BACK, SONIDO, NIVEL_EVOLUCION, NUM_POKEDEX_EVO) VALUES (64, 'Kadabra', 'Psíquico', NULL, 'kadabra_front.png', 'kadabra_back.png', 'kadabra.mp3', 36, 65);
INSERT INTO POKEDEX (NUM_POKEDEX, NOM_POKEMON, TIPO1, TIPO2, IMAGEN_FRONT, IMAGEN_BACK, SONIDO, NIVEL_EVOLUCION, NUM_POKEDEX_EVO) VALUES (65, 'Alakazam', 'Psíquico', NULL, 'alakazam_front.png', 'alakazam_back.png', 'alakazam.mp3', NULL, NULL);
INSERT INTO POKEDEX (NUM_POKEDEX, NOM_POKEMON, TIPO1, TIPO2, IMAGEN_FRONT, IMAGEN_BACK, SONIDO, NIVEL_EVOLUCION, NUM_POKEDEX_EVO) VALUES (66, 'Machop', 'Lucha', NULL, 'machop_front.png', 'machop_back.png', 'machop.mp3', 28, 67);
INSERT INTO POKEDEX (NUM_POKEDEX, NOM_POKEMON, TIPO1, TIPO2, IMAGEN_FRONT, IMAGEN_BACK, SONIDO, NIVEL_EVOLUCION, NUM_POKEDEX_EVO) VALUES (67, 'Machoke', 'Lucha', NULL, 'machoke_front.png', 'machoke_back.png', 'machoke.mp3', 36, 68);
INSERT INTO POKEDEX (NUM_POKEDEX, NOM_POKEMON, TIPO1, TIPO2, IMAGEN_FRONT, IMAGEN_BACK, SONIDO, NIVEL_EVOLUCION, NUM_POKEDEX_EVO) VALUES (68, 'Machamp', 'Lucha', NULL, 'machamp_front.png', 'machamp_back.png', 'machamp.mp3', NULL, NULL);
INSERT INTO POKEDEX (NUM_POKEDEX, NOM_POKEMON, TIPO1, TIPO2, IMAGEN_FRONT, IMAGEN_BACK, SONIDO, NIVEL_EVOLUCION, NUM_POKEDEX_EVO) VALUES (69, 'Bellsprout', 'Planta', 'Veneno', 'bellsprout_front.png', 'bellsprout_back.png', 'bellsprout.mp3', 21, 70);
INSERT INTO POKEDEX (NUM_POKEDEX, NOM_POKEMON, TIPO1, TIPO2, IMAGEN_FRONT, IMAGEN_BACK, SONIDO, NIVEL_EVOLUCION, NUM_POKEDEX_EVO) VALUES (70, 'Weepinbell', 'Planta', 'Veneno', 'weepinbell_front.png', 'weepinbell_back.png', 'weepinbell.mp3', 21, 71);
INSERT INTO POKEDEX (NUM_POKEDEX, NOM_POKEMON, TIPO1, TIPO2, IMAGEN_FRONT, IMAGEN_BACK, SONIDO, NIVEL_EVOLUCION, NUM_POKEDEX_EVO) VALUES (71, 'Victreebel', 'Planta', 'Veneno', 'victreebel_front.png', 'victreebel_back.png', 'victreebel.mp3', NULL, NULL);
INSERT INTO POKEDEX (NUM_POKEDEX, NOM_POKEMON, TIPO1, TIPO2, IMAGEN_FRONT, IMAGEN_BACK, SONIDO, NIVEL_EVOLUCION, NUM_POKEDEX_EVO) VALUES (72, 'Tentacool', 'Agua', 'Veneno', 'tentacool_front.png', 'tentacool_back.png', 'tentacool.mp3', 30, 73);
INSERT INTO POKEDEX (NUM_POKEDEX, NOM_POKEMON, TIPO1, TIPO2, IMAGEN_FRONT, IMAGEN_BACK, SONIDO, NIVEL_EVOLUCION, NUM_POKEDEX_EVO) VALUES (73, 'Tentacruel', 'Agua', 'Veneno', 'tentacruel_front.png', 'tentacruel_back.png', 'tentacruel.mp3', NULL, NULL);
INSERT INTO POKEDEX (NUM_POKEDEX, NOM_POKEMON, TIPO1, TIPO2, IMAGEN_FRONT, IMAGEN_BACK, SONIDO, NIVEL_EVOLUCION, NUM_POKEDEX_EVO) VALUES (74, 'Geodude', 'Roca', 'Tierra', 'geodude_front.png', 'geodude_back.png', 'geodude.mp3', 25, 75);
INSERT INTO POKEDEX (NUM_POKEDEX, NOM_POKEMON, TIPO1, TIPO2, IMAGEN_FRONT, IMAGEN_BACK, SONIDO, NIVEL_EVOLUCION, NUM_POKEDEX_EVO) VALUES (75, 'Graveler', 'Roca', 'Tierra', 'graveler_front.png', 'graveler_back.png', 'graveler.mp3', 40, 76);
INSERT INTO POKEDEX (NUM_POKEDEX, NOM_POKEMON, TIPO1, TIPO2, IMAGEN_FRONT, IMAGEN_BACK, SONIDO, NIVEL_EVOLUCION, NUM_POKEDEX_EVO) VALUES (76, 'Golem', 'Roca', 'Tierra', 'golem_front.png', 'golem_back.png', 'golem.mp3', NULL, NULL);
INSERT INTO POKEDEX (NUM_POKEDEX, NOM_POKEMON, TIPO1, TIPO2, IMAGEN_FRONT, IMAGEN_BACK, SONIDO, NIVEL_EVOLUCION, NUM_POKEDEX_EVO) VALUES (77, 'Ponyta', 'Fuego', NULL, 'ponyta_front.png', 'ponyta_back.png', 'ponyta.mp3', 40, 78);
INSERT INTO POKEDEX (NUM_POKEDEX, NOM_POKEMON, TIPO1, TIPO2, IMAGEN_FRONT, IMAGEN_BACK, SONIDO, NIVEL_EVOLUCION, NUM_POKEDEX_EVO) VALUES (78, 'Rapidash', 'Fuego', NULL, 'rapidash_front.png', 'rapidash_back.png', 'rapidash.mp3', NULL, NULL);
INSERT INTO POKEDEX (NUM_POKEDEX, NOM_POKEMON, TIPO1, TIPO2, IMAGEN_FRONT, IMAGEN_BACK, SONIDO, NIVEL_EVOLUCION, NUM_POKEDEX_EVO) VALUES (79, 'Slowpoke', 'Agua', 'Psíquico', 'slowpoke_front.png', 'slowpoke_back.png', 'slowpoke.mp3', 37, 80);
INSERT INTO POKEDEX (NUM_POKEDEX, NOM_POKEMON, TIPO1, TIPO2, IMAGEN_FRONT, IMAGEN_BACK, SONIDO, NIVEL_EVOLUCION, NUM_POKEDEX_EVO) VALUES (80, 'Slowbro', 'Agua', 'Psíquico', 'slowbro_front.png', 'slowbro_back.png', 'slowbro.mp3', NULL, NULL);
INSERT INTO POKEDEX (NUM_POKEDEX, NOM_POKEMON, TIPO1, TIPO2, IMAGEN_FRONT, IMAGEN_BACK, SONIDO, NIVEL_EVOLUCION, NUM_POKEDEX_EVO) VALUES (81, 'Magnemite', 'Eléctrico', 'Acero', 'magnemite_front.png', 'magnemite_back.png', 'magnemite.mp3', 30, 82);
INSERT INTO POKEDEX (NUM_POKEDEX, NOM_POKEMON, TIPO1, TIPO2, IMAGEN_FRONT, IMAGEN_BACK, SONIDO, NIVEL_EVOLUCION, NUM_POKEDEX_EVO) VALUES (82, 'Magneton', 'Eléctrico', 'Acero', 'magneton_front.png', 'magneton_back.png', 'magneton.mp3', NULL, NULL);
INSERT INTO POKEDEX (NUM_POKEDEX, NOM_POKEMON, TIPO1, TIPO2, IMAGEN_FRONT, IMAGEN_BACK, SONIDO, NIVEL_EVOLUCION, NUM_POKEDEX_EVO) VALUES (83, 'Farfetch''d', 'Normal', 'Volador', 'farfetchd_front.png', 'farfetchd_back.png', 'farfetchd.mp3', NULL, NULL);
INSERT INTO POKEDEX (NUM_POKEDEX, NOM_POKEMON, TIPO1, TIPO2, IMAGEN_FRONT, IMAGEN_BACK, SONIDO, NIVEL_EVOLUCION, NUM_POKEDEX_EVO) VALUES (84, 'Doduo', 'Normal', 'Volador', 'doduo_front.png', 'doduo_back.png', 'doduo.mp3', 31, 85);
INSERT INTO POKEDEX (NUM_POKEDEX, NOM_POKEMON, TIPO1, TIPO2, IMAGEN_FRONT, IMAGEN_BACK, SONIDO, NIVEL_EVOLUCION, NUM_POKEDEX_EVO) VALUES (85, 'Dodrio', 'Normal', 'Volador', 'dodrio_front.png', 'dodrio_back.png', 'dodrio.mp3', NULL, NULL);
INSERT INTO POKEDEX (NUM_POKEDEX, NOM_POKEMON, TIPO1, TIPO2, IMAGEN_FRONT, IMAGEN_BACK, SONIDO, NIVEL_EVOLUCION, NUM_POKEDEX_EVO) VALUES (86, 'Seel', 'Agua', NULL, 'seel_front.png', 'seel_back.png', 'seel.mp3', 34, 87);
INSERT INTO POKEDEX (NUM_POKEDEX, NOM_POKEMON, TIPO1, TIPO2, IMAGEN_FRONT, IMAGEN_BACK, SONIDO, NIVEL_EVOLUCION, NUM_POKEDEX_EVO) VALUES (87, 'Dewgong', 'Agua', 'Hielo', 'dewgong_front.png', 'dewgong_back.png', 'dewgong.mp3', NULL, NULL);
INSERT INTO POKEDEX (NUM_POKEDEX, NOM_POKEMON, TIPO1, TIPO2, IMAGEN_FRONT, IMAGEN_BACK, SONIDO, NIVEL_EVOLUCION, NUM_POKEDEX_EVO) VALUES (88, 'Grimer', 'Veneno', NULL, 'grimer_front.png', 'grimer_back.png', 'grimer.mp3', 38, 89);
INSERT INTO POKEDEX (NUM_POKEDEX, NOM_POKEMON, TIPO1, TIPO2, IMAGEN_FRONT, IMAGEN_BACK, SONIDO, NIVEL_EVOLUCION, NUM_POKEDEX_EVO) VALUES (89, 'Muk', 'Veneno', NULL, 'muk_front.png', 'muk_back.png', 'muk.mp3', NULL, NULL);
INSERT INTO POKEDEX (NUM_POKEDEX, NOM_POKEMON, TIPO1, TIPO2, IMAGEN_FRONT, IMAGEN_BACK, SONIDO, NIVEL_EVOLUCION, NUM_POKEDEX_EVO) VALUES (90, 'Shellder', 'Agua', NULL, 'shellder_front.png', 'shellder_back.png', 'shellder.mp3', 30, 91);
INSERT INTO POKEDEX (NUM_POKEDEX, NOM_POKEMON, TIPO1, TIPO2, IMAGEN_FRONT, IMAGEN_BACK, SONIDO, NIVEL_EVOLUCION, NUM_POKEDEX_EVO) VALUES (91, 'Cloyster', 'Agua', 'Hielo', 'cloyster_front.png', 'cloyster_back.png', 'cloyster.mp3', NULL, NULL);
INSERT INTO POKEDEX (NUM_POKEDEX, NOM_POKEMON, TIPO1, TIPO2, IMAGEN_FRONT, IMAGEN_BACK, SONIDO, NIVEL_EVOLUCION, NUM_POKEDEX_EVO) VALUES (92, 'Gastly', 'Fantasma', 'Veneno', 'gastly_front.png', 'gastly_back.png', 'gastly.mp3', 25, 93);
INSERT INTO POKEDEX (NUM_POKEDEX, NOM_POKEMON, TIPO1, TIPO2, IMAGEN_FRONT, IMAGEN_BACK, SONIDO, NIVEL_EVOLUCION, NUM_POKEDEX_EVO) VALUES (93, 'Haunter', 'Fantasma', 'Veneno', 'haunter_front.png', 'haunter_back.png', 'haunter.mp3', 35, 94);
INSERT INTO POKEDEX (NUM_POKEDEX, NOM_POKEMON, TIPO1, TIPO2, IMAGEN_FRONT, IMAGEN_BACK, SONIDO, NIVEL_EVOLUCION, NUM_POKEDEX_EVO) VALUES (94, 'Gengar', 'Fantasma', 'Veneno', 'gengar_front.png', 'gengar_back.png', 'gengar.mp3', NULL, NULL);
INSERT INTO POKEDEX (NUM_POKEDEX, NOM_POKEMON, TIPO1, TIPO2, IMAGEN_FRONT, IMAGEN_BACK, SONIDO, NIVEL_EVOLUCION, NUM_POKEDEX_EVO) VALUES (95, 'Onix', 'Roca', 'Tierra', 'onix_front.png', 'onix_back.png', 'onix.mp3', NULL, NULL);
INSERT INTO POKEDEX (NUM_POKEDEX, NOM_POKEMON, TIPO1, TIPO2, IMAGEN_FRONT, IMAGEN_BACK, SONIDO, NIVEL_EVOLUCION, NUM_POKEDEX_EVO) VALUES (96, 'Drowzee', 'Psíquico', NULL, 'drowzee_front.png', 'drowzee_back.png', 'drowzee.mp3', 26, 97);
INSERT INTO POKEDEX (NUM_POKEDEX, NOM_POKEMON, TIPO1, TIPO2, IMAGEN_FRONT, IMAGEN_BACK, SONIDO, NIVEL_EVOLUCION, NUM_POKEDEX_EVO) VALUES (97, 'Hypno', 'Psíquico', NULL, 'hypno_front.png', 'hypno_back.png', 'hypno.mp3', NULL, NULL);
INSERT INTO POKEDEX (NUM_POKEDEX, NOM_POKEMON, TIPO1, TIPO2, IMAGEN_FRONT, IMAGEN_BACK, SONIDO, NIVEL_EVOLUCION, NUM_POKEDEX_EVO) VALUES (98, 'Krabby', 'Agua', NULL, 'krabby_front.png', 'krabby_back.png', 'krabby.mp3', 28, 99);
INSERT INTO POKEDEX (NUM_POKEDEX, NOM_POKEMON, TIPO1, TIPO2, IMAGEN_FRONT, IMAGEN_BACK, SONIDO, NIVEL_EVOLUCION, NUM_POKEDEX_EVO) VALUES (99, 'Kingler', 'Agua', NULL, 'kingler_front.png', 'kingler_back.png', 'kingler.mp3', NULL, NULL);
INSERT INTO POKEDEX (NUM_POKEDEX, NOM_POKEMON, TIPO1, TIPO2, IMAGEN_FRONT, IMAGEN_BACK, SONIDO, NIVEL_EVOLUCION, NUM_POKEDEX_EVO) VALUES (100, 'Voltorb', 'Eléctrico', NULL, 'voltorb_front.png', 'voltorb_back.png', 'voltorb.mp3', 30, 101);
INSERT INTO POKEDEX (NUM_POKEDEX, NOM_POKEMON, TIPO1, TIPO2, IMAGEN_FRONT, IMAGEN_BACK, SONIDO, NIVEL_EVOLUCION, NUM_POKEDEX_EVO) VALUES (101, 'Electrode', 'Eléctrico', NULL, 'electrode_front.png', 'electrode_back.png', 'electrode.mp3', NULL, NULL);
INSERT INTO POKEDEX (NUM_POKEDEX, NOM_POKEMON, TIPO1, TIPO2, IMAGEN_FRONT, IMAGEN_BACK, SONIDO, NIVEL_EVOLUCION, NUM_POKEDEX_EVO) VALUES (102, 'Exeggcute', 'Planta', 'Psíquico', 'exeggcute_front.png', 'exeggcute_back.png', 'exeggcute.mp3', 37, 103);
INSERT INTO POKEDEX (NUM_POKEDEX, NOM_POKEMON, TIPO1, TIPO2, IMAGEN_FRONT, IMAGEN_BACK, SONIDO, NIVEL_EVOLUCION, NUM_POKEDEX_EVO) VALUES (103, 'Exeggutor', 'Planta', 'Psíquico', 'exeggutor_front.png', 'exeggutor_back.png', 'exeggutor.mp3', NULL, NULL);
INSERT INTO POKEDEX (NUM_POKEDEX, NOM_POKEMON, TIPO1, TIPO2, IMAGEN_FRONT, IMAGEN_BACK, SONIDO, NIVEL_EVOLUCION, NUM_POKEDEX_EVO) VALUES (104, 'Cubone', 'Tierra', NULL, 'cubone_front.png', 'cubone_back.png', 'cubone.mp3', 28, 105);
INSERT INTO POKEDEX (NUM_POKEDEX, NOM_POKEMON, TIPO1, TIPO2, IMAGEN_FRONT, IMAGEN_BACK, SONIDO, NIVEL_EVOLUCION, NUM_POKEDEX_EVO) VALUES (105, 'Marowak', 'Tierra', NULL, 'marowak_front.png', 'marowak_back.png', 'marowak.mp3', NULL, NULL);
INSERT INTO POKEDEX (NUM_POKEDEX, NOM_POKEMON, TIPO1, TIPO2, IMAGEN_FRONT, IMAGEN_BACK, SONIDO, NIVEL_EVOLUCION, NUM_POKEDEX_EVO) VALUES (106, 'Hitmonlee', 'Lucha', NULL, 'hitmonlee_front.png', 'hitmonlee_back.png', 'hitmonlee.mp3', NULL, NULL);
INSERT INTO POKEDEX (NUM_POKEDEX, NOM_POKEMON, TIPO1, TIPO2, IMAGEN_FRONT, IMAGEN_BACK, SONIDO, NIVEL_EVOLUCION, NUM_POKEDEX_EVO) VALUES (107, 'Hitmonchan', 'Lucha', NULL, 'hitmonchan_front.png', 'hitmonchan_back.png', 'hitmonchan.mp3', NULL, NULL);
INSERT INTO POKEDEX (NUM_POKEDEX, NOM_POKEMON, TIPO1, TIPO2, IMAGEN_FRONT, IMAGEN_BACK, SONIDO, NIVEL_EVOLUCION, NUM_POKEDEX_EVO) VALUES (108, 'Lickitung', 'Normal', NULL, 'lickitung_front.png', 'lickitung_back.png', 'lickitung.mp3', NULL, NULL);
INSERT INTO POKEDEX (NUM_POKEDEX, NOM_POKEMON, TIPO1, TIPO2, IMAGEN_FRONT, IMAGEN_BACK, SONIDO, NIVEL_EVOLUCION, NUM_POKEDEX_EVO) VALUES (109, 'Koffing', 'Veneno', NULL, 'koffing_front.png', 'koffing_back.png', 'koffing.mp3', 35, 110);
INSERT INTO POKEDEX (NUM_POKEDEX, NOM_POKEMON, TIPO1, TIPO2, IMAGEN_FRONT, IMAGEN_BACK, SONIDO, NIVEL_EVOLUCION, NUM_POKEDEX_EVO) VALUES (110, 'Weezing', 'Veneno', NULL, 'weezing_front.png', 'weezing_back.png', 'weezing.mp3', NULL, NULL);
INSERT INTO POKEDEX (NUM_POKEDEX, NOM_POKEMON, TIPO1, TIPO2, IMAGEN_FRONT, IMAGEN_BACK, SONIDO, NIVEL_EVOLUCION, NUM_POKEDEX_EVO) VALUES (111, 'Rhyhorn', 'Tierra', 'Roca', 'rhyhorn_front.png', 'rhyhorn_back.png', 'rhyhorn.mp3', 42, 112);
INSERT INTO POKEDEX (NUM_POKEDEX, NOM_POKEMON, TIPO1, TIPO2, IMAGEN_FRONT, IMAGEN_BACK, SONIDO, NIVEL_EVOLUCION, NUM_POKEDEX_EVO) VALUES (112, 'Rhydon', 'Tierra', 'Roca', 'rhydon_front.png', 'rhydon_back.png', 'rhydon.mp3', NULL, NULL);
INSERT INTO POKEDEX (NUM_POKEDEX, NOM_POKEMON, TIPO1, TIPO2, IMAGEN_FRONT, IMAGEN_BACK, SONIDO, NIVEL_EVOLUCION, NUM_POKEDEX_EVO) VALUES (113, 'Chansey', 'Normal', NULL, 'chansey_front.png', 'chansey_back.png', 'chansey.mp3', NULL, NULL);
INSERT INTO POKEDEX (NUM_POKEDEX, NOM_POKEMON, TIPO1, TIPO2, IMAGEN_FRONT, IMAGEN_BACK, SONIDO, NIVEL_EVOLUCION, NUM_POKEDEX_EVO) VALUES (114, 'Tangela', 'Planta', NULL, 'tangela_front.png', 'tangela_back.png', 'tangela.mp3', NULL, NULL);
INSERT INTO POKEDEX (NUM_POKEDEX, NOM_POKEMON, TIPO1, TIPO2, IMAGEN_FRONT, IMAGEN_BACK, SONIDO, NIVEL_EVOLUCION, NUM_POKEDEX_EVO) VALUES (115, 'Kangaskhan', 'Normal', NULL, 'kangaskhan_front.png', 'kangaskhan_back.png', 'kangaskhan.mp3', NULL, NULL);
INSERT INTO POKEDEX (NUM_POKEDEX, NOM_POKEMON, TIPO1, TIPO2, IMAGEN_FRONT, IMAGEN_BACK, SONIDO, NIVEL_EVOLUCION, NUM_POKEDEX_EVO) VALUES (116, 'Horsea', 'Agua', NULL, 'horsea_front.png', 'horsea_back.png', 'horsea.mp3', 32, 117);
INSERT INTO POKEDEX (NUM_POKEDEX, NOM_POKEMON, TIPO1, TIPO2, IMAGEN_FRONT, IMAGEN_BACK, SONIDO, NIVEL_EVOLUCION, NUM_POKEDEX_EVO) VALUES (117, 'Seadra', 'Agua', NULL, 'seadra_front.png', 'seadra_back.png', 'seadra.mp3', NULL, NULL);
INSERT INTO POKEDEX (NUM_POKEDEX, NOM_POKEMON, TIPO1, TIPO2, IMAGEN_FRONT, IMAGEN_BACK, SONIDO, NIVEL_EVOLUCION, NUM_POKEDEX_EVO) VALUES (118, 'Goldeen', 'Agua', NULL, 'goldeen_front.png', 'goldeen_back.png', 'goldeen.mp3', 33, 119);
INSERT INTO POKEDEX (NUM_POKEDEX, NOM_POKEMON, TIPO1, TIPO2, IMAGEN_FRONT, IMAGEN_BACK, SONIDO, NIVEL_EVOLUCION, NUM_POKEDEX_EVO) VALUES (119, 'Seaking', 'Agua', NULL, 'seaking_front.png', 'seaking_back.png', 'seaking.mp3', NULL, NULL);
INSERT INTO POKEDEX (NUM_POKEDEX, NOM_POKEMON, TIPO1, TIPO2, IMAGEN_FRONT, IMAGEN_BACK, SONIDO, NIVEL_EVOLUCION, NUM_POKEDEX_EVO) VALUES (120, 'Staryu', 'Agua', NULL, 'staryu_front.png', 'staryu_back.png', 'staryu.mp3', 31, 121);
INSERT INTO POKEDEX (NUM_POKEDEX, NOM_POKEMON, TIPO1, TIPO2, IMAGEN_FRONT, IMAGEN_BACK, SONIDO, NIVEL_EVOLUCION, NUM_POKEDEX_EVO) VALUES (121, 'Starmie', 'Agua', 'Psíquico', 'starmie_front.png', 'starmie_back.png', 'starmie.mp3', NULL, NULL);
INSERT INTO POKEDEX (NUM_POKEDEX, NOM_POKEMON, TIPO1, TIPO2, IMAGEN_FRONT, IMAGEN_BACK, SONIDO, NIVEL_EVOLUCION, NUM_POKEDEX_EVO) VALUES (122, 'Mr. Mime', 'Psíquico', 'Hada', 'mr_mime_front.png', 'mr_mime_back.png', 'mr_mime.mp3', NULL, NULL);
INSERT INTO POKEDEX (NUM_POKEDEX, NOM_POKEMON, TIPO1, TIPO2, IMAGEN_FRONT, IMAGEN_BACK, SONIDO, NIVEL_EVOLUCION, NUM_POKEDEX_EVO) VALUES (123, 'Scyther', 'Bicho', 'Volador', 'scyther_front.png', 'scyther_back.png', 'scyther.mp3', NULL, NULL);
INSERT INTO POKEDEX (NUM_POKEDEX, NOM_POKEMON, TIPO1, TIPO2, IMAGEN_FRONT, IMAGEN_BACK, SONIDO, NIVEL_EVOLUCION, NUM_POKEDEX_EVO) VALUES (124, 'Jynx', 'Hielo', 'Psíquico', 'jynx_front.png', 'jynx_back.png', 'jynx.mp3', NULL, NULL);
INSERT INTO POKEDEX (NUM_POKEDEX, NOM_POKEMON, TIPO1, TIPO2, IMAGEN_FRONT, IMAGEN_BACK, SONIDO, NIVEL_EVOLUCION, NUM_POKEDEX_EVO) VALUES (125, 'Electabuzz', 'Eléctrico', NULL, 'electabuzz_front.png', 'electabuzz_back.png', 'electabuzz.mp3', NULL, NULL);
INSERT INTO POKEDEX (NUM_POKEDEX, NOM_POKEMON, TIPO1, TIPO2, IMAGEN_FRONT, IMAGEN_BACK, SONIDO, NIVEL_EVOLUCION, NUM_POKEDEX_EVO) VALUES (126, 'Magmar', 'Fuego', NULL, 'magmar_front.png', 'magmar_back.png', 'magmar.mp3', NULL, NULL);
INSERT INTO POKEDEX (NUM_POKEDEX, NOM_POKEMON, TIPO1, TIPO2, IMAGEN_FRONT, IMAGEN_BACK, SONIDO, NIVEL_EVOLUCION, NUM_POKEDEX_EVO) VALUES (127, 'Pinsir', 'Bicho', NULL, 'pinsir_front.png', 'pinsir_back.png', 'pinsir.mp3', NULL, NULL);
INSERT INTO POKEDEX (NUM_POKEDEX, NOM_POKEMON, TIPO1, TIPO2, IMAGEN_FRONT, IMAGEN_BACK, SONIDO, NIVEL_EVOLUCION, NUM_POKEDEX_EVO) VALUES (128, 'Tauros', 'Normal', NULL, 'tauros_front.png', 'tauros_back.png', 'tauros.mp3', NULL, NULL);
INSERT INTO POKEDEX (NUM_POKEDEX, NOM_POKEMON, TIPO1, TIPO2, IMAGEN_FRONT, IMAGEN_BACK, SONIDO, NIVEL_EVOLUCION, NUM_POKEDEX_EVO) VALUES (129, 'Magikarp', 'Agua', NULL, 'magikarp_front.png', 'magikarp_back.png', 'magikarp.mp3', 20, 130);
INSERT INTO POKEDEX (NUM_POKEDEX, NOM_POKEMON, TIPO1, TIPO2, IMAGEN_FRONT, IMAGEN_BACK, SONIDO, NIVEL_EVOLUCION, NUM_POKEDEX_EVO) VALUES (130, 'Gyarados', 'Agua', 'Volador', 'gyarados_front.png', 'gyarados_back.png', 'gyarados.mp3', NULL, NULL);
INSERT INTO POKEDEX (NUM_POKEDEX, NOM_POKEMON, TIPO1, TIPO2, IMAGEN_FRONT, IMAGEN_BACK, SONIDO, NIVEL_EVOLUCION, NUM_POKEDEX_EVO) VALUES (131, 'Lapras', 'Agua', 'Hielo', 'lapras_front.png', 'lapras_back.png', 'lapras.mp3', NULL, NULL);
INSERT INTO POKEDEX (NUM_POKEDEX, NOM_POKEMON, TIPO1, TIPO2, IMAGEN_FRONT, IMAGEN_BACK, SONIDO, NIVEL_EVOLUCION, NUM_POKEDEX_EVO) VALUES (132, 'Ditto', 'Normal', NULL, 'ditto_front.png', 'ditto_back.png', 'ditto.mp3', NULL, NULL);
INSERT INTO POKEDEX (NUM_POKEDEX, NOM_POKEMON, TIPO1, TIPO2, IMAGEN_FRONT, IMAGEN_BACK, SONIDO, NIVEL_EVOLUCION, NUM_POKEDEX_EVO) VALUES (133, 'Eevee', 'Normal', NULL, 'eevee_front.png', 'eevee_back.png', 'eevee.mp3', 20, 134);
INSERT INTO POKEDEX (NUM_POKEDEX, NOM_POKEMON, TIPO1, TIPO2, IMAGEN_FRONT, IMAGEN_BACK, SONIDO, NIVEL_EVOLUCION, NUM_POKEDEX_EVO) VALUES (134, 'Vaporeon', 'Agua', NULL, 'vaporeon_front.png', 'vaporeon_back.png', 'vaporeon.mp3', NULL, NULL);
INSERT INTO POKEDEX (NUM_POKEDEX, NOM_POKEMON, TIPO1, TIPO2, IMAGEN_FRONT, IMAGEN_BACK, SONIDO, NIVEL_EVOLUCION, NUM_POKEDEX_EVO) VALUES (135, 'Jolteon', 'Eléctrico', NULL, 'jolteon_front.png', 'jolteon_back.png', 'jolteon.mp3', NULL, NULL);
INSERT INTO POKEDEX (NUM_POKEDEX, NOM_POKEMON, TIPO1, TIPO2, IMAGEN_FRONT, IMAGEN_BACK, SONIDO, NIVEL_EVOLUCION, NUM_POKEDEX_EVO) VALUES (136, 'Flareon', 'Fuego', NULL, 'flareon_front.png', 'flareon_back.png', 'flareon.mp3', NULL, NULL);
INSERT INTO POKEDEX (NUM_POKEDEX, NOM_POKEMON, TIPO1, TIPO2, IMAGEN_FRONT, IMAGEN_BACK, SONIDO, NIVEL_EVOLUCION, NUM_POKEDEX_EVO) VALUES (137, 'Porygon', 'Normal', NULL, 'porygon_front.png', 'porygon_back.png', 'porygon.mp3', NULL, NULL);
INSERT INTO POKEDEX (NUM_POKEDEX, NOM_POKEMON, TIPO1, TIPO2, IMAGEN_FRONT, IMAGEN_BACK, SONIDO, NIVEL_EVOLUCION, NUM_POKEDEX_EVO) VALUES (138, 'Omanyte', 'Roca', 'Agua', 'omanyte_front.png', 'omanyte_back.png', 'omanyte.mp3', 40, 139);
INSERT INTO POKEDEX (NUM_POKEDEX, NOM_POKEMON, TIPO1, TIPO2, IMAGEN_FRONT, IMAGEN_BACK, SONIDO, NIVEL_EVOLUCION, NUM_POKEDEX_EVO) VALUES (139, 'Omastar', 'Roca', 'Agua', 'omastar_front.png', 'omastar_back.png', 'omastar.mp3', NULL, NULL);
INSERT INTO POKEDEX (NUM_POKEDEX, NOM_POKEMON, TIPO1, TIPO2, IMAGEN_FRONT, IMAGEN_BACK, SONIDO, NIVEL_EVOLUCION, NUM_POKEDEX_EVO) VALUES (140, 'Kabuto', 'Roca', 'Agua', 'kabuto_front.png', 'kabuto_back.png', 'kabuto.mp3', 40, 141);
INSERT INTO POKEDEX (NUM_POKEDEX, NOM_POKEMON, TIPO1, TIPO2, IMAGEN_FRONT, IMAGEN_BACK, SONIDO, NIVEL_EVOLUCION, NUM_POKEDEX_EVO) VALUES (141, 'Kabutops', 'Roca', 'Agua', 'kabutops_front.png', 'kabutops_back.png', 'kabutops.mp3', NULL, NULL);
INSERT INTO POKEDEX (NUM_POKEDEX, NOM_POKEMON, TIPO1, TIPO2, IMAGEN_FRONT, IMAGEN_BACK, SONIDO, NIVEL_EVOLUCION, NUM_POKEDEX_EVO) VALUES (142, 'Aerodactyl', 'Roca', 'Volador', 'aerodactyl_front.png', 'aerodactyl_back.png', 'aerodactyl.mp3', NULL, NULL);
INSERT INTO POKEDEX (NUM_POKEDEX, NOM_POKEMON, TIPO1, TIPO2, IMAGEN_FRONT, IMAGEN_BACK, SONIDO, NIVEL_EVOLUCION, NUM_POKEDEX_EVO) VALUES (143, 'Snorlax', 'Normal', NULL, 'snorlax_front.png', 'snorlax_back.png', 'snorlax.mp3', NULL, NULL);
INSERT INTO POKEDEX (NUM_POKEDEX, NOM_POKEMON, TIPO1, TIPO2, IMAGEN_FRONT, IMAGEN_BACK, SONIDO, NIVEL_EVOLUCION, NUM_POKEDEX_EVO) VALUES (144, 'Articuno', 'Hielo', 'Volador', 'articuno_front.png', 'articuno_back.png', 'articuno.mp3', NULL, NULL);
INSERT INTO POKEDEX (NUM_POKEDEX, NOM_POKEMON, TIPO1, TIPO2, IMAGEN_FRONT, IMAGEN_BACK, SONIDO, NIVEL_EVOLUCION, NUM_POKEDEX_EVO) VALUES (145, 'Zapdos', 'Eléctrico', 'Volador', 'zapdos_front.png', 'zapdos_back.png', 'zapdos.mp3', NULL, NULL);
INSERT INTO POKEDEX (NUM_POKEDEX, NOM_POKEMON, TIPO1, TIPO2, IMAGEN_FRONT, IMAGEN_BACK, SONIDO, NIVEL_EVOLUCION, NUM_POKEDEX_EVO) VALUES (146, 'Moltres', 'Fuego', 'Volador', 'moltres_front.png', 'moltres_back.png', 'moltres.mp3', NULL, NULL);
INSERT INTO POKEDEX (NUM_POKEDEX, NOM_POKEMON, TIPO1, TIPO2, IMAGEN_FRONT, IMAGEN_BACK, SONIDO, NIVEL_EVOLUCION, NUM_POKEDEX_EVO) VALUES (147, 'Dratini', 'Dragón', NULL, 'dratini_front.png', 'dratini_back.png', 'dratini.mp3', 30, 148);
INSERT INTO POKEDEX (NUM_POKEDEX, NOM_POKEMON, TIPO1, TIPO2, IMAGEN_FRONT, IMAGEN_BACK, SONIDO, NIVEL_EVOLUCION, NUM_POKEDEX_EVO) VALUES (148, 'Dragonair', 'Dragón', NULL, 'dragonair_front.png', 'dragonair_back.png', 'dragonair.mp3', 55, 149);
INSERT INTO POKEDEX (NUM_POKEDEX, NOM_POKEMON, TIPO1, TIPO2, IMAGEN_FRONT, IMAGEN_BACK, SONIDO, NIVEL_EVOLUCION, NUM_POKEDEX_EVO) VALUES (149, 'Dragonite', 'Dragón', 'Volador', 'dragonite_front.png', 'dragonite_back.png', 'dragonite.mp3', NULL, NULL);
INSERT INTO POKEDEX (NUM_POKEDEX, NOM_POKEMON, TIPO1, TIPO2, IMAGEN_FRONT, IMAGEN_BACK, SONIDO, NIVEL_EVOLUCION, NUM_POKEDEX_EVO) VALUES (150, 'Mewtwo', 'Psíquico', NULL, 'mewtwo_front.png', 'mewtwo_back.png', 'mewtwo.mp3', NULL, NULL);
INSERT INTO POKEDEX (NUM_POKEDEX, NOM_POKEMON, TIPO1, TIPO2, IMAGEN_FRONT, IMAGEN_BACK, SONIDO, NIVEL_EVOLUCION, NUM_POKEDEX_EVO) VALUES (151, 'Mew', 'Psíquico', NULL, 'mew_front.png', 'mew_back.png', 'mew.mp3', NULL, NULL);
COMMIT;
-- Y así sucesivamente para los demás Pokémon de la primera generación

UPDATE pokedex
SET IMAGEN_FRONT = CONCAT(CONCAT('Pokemon/Front/',NUM_POKEDEX),'.png');
UPDATE pokedex
SET IMAGEN_BACK = CONCAT(CONCAT('Pokemon/Back/',NUM_POKEDEX),'.png');

UPDATE pokedex
SET SONIDO = CONCAT(CONCAT('Pokemon/00',NUM_POKEDEX),'.wav')
WHERE NUM_POKEDEX<10;

UPDATE pokedex
SET SONIDO = CONCAT(CONCAT('Pokemon/0',NUM_POKEDEX),'.wav')
WHERE NUM_POKEDEX >=10 AND NUM_POKEDEX<100;

UPDATE pokedex
SET SONIDO = CONCAT(CONCAT('Pokemon/',NUM_POKEDEX),'.wav')
WHERE NUM_POKEDEX>=100;


CREATE TABLE POKEMON (
  ID_POKEMON int(11) NOT NULL,
  ID_ENTRENADOR int(11),
  NUM_POKEDEX int(11),
  MOTE varchar(20),
  CAJA int(11) NOT NULL,
  ATAQUE int(11) NOT NULL,
  ATA_ESPECIAL int(11) NOT NULL,
  DEFENSA int(11) NOT NULL,
  DEF_ESPECIAL int(11) NOT NULL,
  VELOCIDAD int(11) NOT NULL,
  NIVEL int(11) NOT NULL,
  FERTILIDAD int(2) NOT NULL,
  SEXO VARCHAR(1) NOT NULL,
  ESTADO VARCHAR(20) NOT NULL,
  EXPERIENCIA INT NOT NULL,
  VITALIDAD INT NOT NULL,
  VITALIDAD_MAXIMA INT NOT NULL,
  CONSTRAINT POK_PK PRIMARY KEY(ID_POKEMON)
);



INSERT INTO POKEMON (ID_POKEMON, ID_ENTRENADOR, NUM_POKEDEX, MOTE, CAJA, ATAQUE, ATA_ESPECIAL, DEFENSA, DEF_ESPECIAL, VELOCIDAD, NIVEL, FERTILIDAD, SEXO, ESTADO, EXPERIENCIA, VITALIDAD, VITALIDAD_MAXIMA) VALUES (6, 1, 25, 'Thunder', 1, 65, 60, 45, 55, 95, 30, 5, 'M', 'Saludable', 0, 100, 100);
INSERT INTO POKEMON (ID_POKEMON, ID_ENTRENADOR, NUM_POKEDEX, MOTE, CAJA, ATAQUE, ATA_ESPECIAL, DEFENSA, DEF_ESPECIAL, VELOCIDAD, NIVEL, FERTILIDAD, SEXO, ESTADO, EXPERIENCIA, VITALIDAD, VITALIDAD_MAXIMA) VALUES (7, 1, 6, 'Charmander', 1, 52, 60, 43, 50, 65, 5, 5, 'M', 'Saludable', 0, 100, 100);
INSERT INTO POKEMON (ID_POKEMON, ID_ENTRENADOR, NUM_POKEDEX, MOTE, CAJA, ATAQUE, ATA_ESPECIAL, DEFENSA, DEF_ESPECIAL, VELOCIDAD, NIVEL, FERTILIDAD, SEXO, ESTADO, EXPERIENCIA, VITALIDAD, VITALIDAD_MAXIMA) VALUES (8, 1, 1, 'Bulbasaur', 1, 49, 65, 49, 65, 45, 5, 5, 'M', 'Saludable', 0, 100, 100);
INSERT INTO POKEMON (ID_POKEMON, ID_ENTRENADOR, NUM_POKEDEX, MOTE, CAJA, ATAQUE, ATA_ESPECIAL, DEFENSA, DEF_ESPECIAL, VELOCIDAD, NIVEL, FERTILIDAD, SEXO, ESTADO, EXPERIENCIA, VITALIDAD, VITALIDAD_MAXIMA) VALUES (9, 1, 4, 'Charmander', 1, 52, 60, 43, 50, 65, 5, 5, 'M', 'Saludable', 0, 100, 100);
INSERT INTO POKEMON (ID_POKEMON, ID_ENTRENADOR, NUM_POKEDEX, MOTE, CAJA, ATAQUE, ATA_ESPECIAL, DEFENSA, DEF_ESPECIAL, VELOCIDAD, NIVEL, FERTILIDAD, SEXO, ESTADO, EXPERIENCIA, VITALIDAD, VITALIDAD_MAXIMA) VALUES (10, 1, 25, 'Pikachu', 1, 55, 50, 40, 50, 90, 5, 5, 'M', 'Saludable', 0, 100, 100);
INSERT INTO POKEMON (ID_POKEMON, ID_ENTRENADOR, NUM_POKEDEX, MOTE, CAJA, ATAQUE, ATA_ESPECIAL, DEFENSA, DEF_ESPECIAL, VELOCIDAD, NIVEL, FERTILIDAD, SEXO, ESTADO, EXPERIENCIA, VITALIDAD, VITALIDAD_MAXIMA) VALUES (11, 1, 7, 'Squirtle', 1, 48, 50, 65, 64, 43, 5, 5, 'M', 'Saludable', 0, 100, 100);
INSERT INTO POKEMON (ID_POKEMON, ID_ENTRENADOR, NUM_POKEDEX, MOTE, CAJA, ATAQUE, ATA_ESPECIAL, DEFENSA, DEF_ESPECIAL, VELOCIDAD, NIVEL, FERTILIDAD, SEXO, ESTADO, EXPERIENCIA, VITALIDAD, VITALIDAD_MAXIMA) VALUES (12, 2, 121, 'Mystic', 1, 80, 110, 90, 90, 120, 35, 5, 'F', 'Saludable', 0, 100, 100);
INSERT INTO POKEMON (ID_POKEMON, ID_ENTRENADOR, NUM_POKEDEX, MOTE, CAJA, ATAQUE, ATA_ESPECIAL, DEFENSA, DEF_ESPECIAL, VELOCIDAD, NIVEL, FERTILIDAD, SEXO, ESTADO, EXPERIENCIA, VITALIDAD, VITALIDAD_MAXIMA) VALUES (13, 2, 120, 'Waterboy', 1, 65, 100, 70, 70, 85, 30, 5, 'M', 'Saludable', 0, 100, 100);
INSERT INTO POKEMON (ID_POKEMON, ID_ENTRENADOR, NUM_POKEDEX, MOTE, CAJA, ATAQUE, ATA_ESPECIAL, DEFENSA, DEF_ESPECIAL, VELOCIDAD, NIVEL, FERTILIDAD, SEXO, ESTADO, EXPERIENCIA, VITALIDAD, VITALIDAD_MAXIMA) VALUES (14, 2, 86, 'Seel', 1, 45, 55, 55, 70, 45, 20, 5, 'F', 'Saludable', 0, 100, 100);
INSERT INTO POKEMON (ID_POKEMON, ID_ENTRENADOR, NUM_POKEDEX, MOTE, CAJA, ATAQUE, ATA_ESPECIAL, DEFENSA, DEF_ESPECIAL, VELOCIDAD, NIVEL, FERTILIDAD, SEXO, ESTADO, EXPERIENCIA, VITALIDAD, VITALIDAD_MAXIMA) VALUES (15, 2, 90, 'Shellder', 1, 65, 45, 100, 25, 40, 20, 5, 'F', 'Saludable', 0, 100, 100);
INSERT INTO POKEMON (ID_POKEMON, ID_ENTRENADOR, NUM_POKEDEX, MOTE, CAJA, ATAQUE, ATA_ESPECIAL, DEFENSA, DEF_ESPECIAL, VELOCIDAD, NIVEL, FERTILIDAD, SEXO, ESTADO, EXPERIENCIA, VITALIDAD, VITALIDAD_MAXIMA) VALUES (16, 2, 60, 'Poliwag', 1, 50, 40, 40, 40, 90, 15, 5, 'F', 'Saludable', 0, 100, 100);
INSERT INTO POKEMON (ID_POKEMON, ID_ENTRENADOR, NUM_POKEDEX, MOTE, CAJA, ATAQUE, ATA_ESPECIAL, DEFENSA, DEF_ESPECIAL, VELOCIDAD, NIVEL, FERTILIDAD, SEXO, ESTADO, EXPERIENCIA, VITALIDAD, VITALIDAD_MAXIMA) VALUES (17, 2, 54, 'Psyduck', 1, 52, 65, 48, 50, 55, 20, 5, 'M', 'Saludable', 0, 100, 100);
INSERT INTO POKEMON (ID_POKEMON, ID_ENTRENADOR, NUM_POKEDEX, MOTE, CAJA, ATAQUE, ATA_ESPECIAL, DEFENSA, DEF_ESPECIAL, VELOCIDAD, NIVEL, FERTILIDAD, SEXO, ESTADO, EXPERIENCIA, VITALIDAD, VITALIDAD_MAXIMA) VALUES (18, 11, 7, 'Wartortle', 1, 63, 80, 80, 80, 58, 25, 5, 'M', 'Saludable', 0, 100, 100);
INSERT INTO POKEMON (ID_POKEMON, ID_ENTRENADOR, NUM_POKEDEX, MOTE, CAJA, ATAQUE, ATA_ESPECIAL, DEFENSA, DEF_ESPECIAL, VELOCIDAD, NIVEL, FERTILIDAD, SEXO, ESTADO, EXPERIENCIA, VITALIDAD, VITALIDAD_MAXIMA) VALUES (19, 11, 77, 'Ponyta', 1, 85, 65, 55, 65, 90, 20, 5, 'F', 'Saludable', 0, 100, 100);
INSERT INTO POKEMON (ID_POKEMON, ID_ENTRENADOR, NUM_POKEDEX, MOTE, CAJA, ATAQUE, ATA_ESPECIAL, DEFENSA, DEF_ESPECIAL, VELOCIDAD, NIVEL, FERTILIDAD, SEXO, ESTADO, EXPERIENCIA, VITALIDAD, VITALIDAD_MAXIMA) VALUES (20, 11, 58, 'Growlithe', 1, 70, 50, 45, 60, 55, 20, 5, 'M', 'Saludable', 0, 100, 100);
INSERT INTO POKEMON (ID_POKEMON, ID_ENTRENADOR, NUM_POKEDEX, MOTE, CAJA, ATAQUE, ATA_ESPECIAL, DEFENSA, DEF_ESPECIAL, VELOCIDAD, NIVEL, FERTILIDAD, SEXO, ESTADO, EXPERIENCIA, VITALIDAD, VITALIDAD_MAXIMA) VALUES (21, 11, 133, 'Eevee', 1, 55, 55, 50, 45, 55, 20, 5, 'M', 'Saludable', 0, 100, 100);
INSERT INTO POKEMON (ID_POKEMON, ID_ENTRENADOR, NUM_POKEDEX, MOTE, CAJA, ATAQUE, ATA_ESPECIAL, DEFENSA, DEF_ESPECIAL, VELOCIDAD, NIVEL, FERTILIDAD, SEXO, ESTADO, EXPERIENCIA, VITALIDAD, VITALIDAD_MAXIMA) VALUES (22, 11, 25, 'Pikachu', 1, 55, 50, 40, 50, 90, 20, 5, 'M', 'Saludable', 0, 100, 100);
INSERT INTO POKEMON (ID_POKEMON, ID_ENTRENADOR, NUM_POKEDEX, MOTE, CAJA, ATAQUE, ATA_ESPECIAL, DEFENSA, DEF_ESPECIAL, VELOCIDAD, NIVEL, FERTILIDAD, SEXO, ESTADO, EXPERIENCIA, VITALIDAD, VITALIDAD_MAXIMA) VALUES (23, 11, 151, 'Mew', 1, 100, 100, 100, 100, 100, 30, 5, 'M', 'Saludable', 0, 100, 100);
INSERT INTO POKEMON (ID_POKEMON, ID_ENTRENADOR, NUM_POKEDEX, MOTE, CAJA, ATAQUE, ATA_ESPECIAL, DEFENSA, DEF_ESPECIAL, VELOCIDAD, NIVEL, FERTILIDAD, SEXO, ESTADO, EXPERIENCIA, VITALIDAD, VITALIDAD_MAXIMA) VALUES (24, 12, 25, 'Electro', 1, 70, 65, 50, 60, 110, 35, 5, 'M', 'Saludable', 0, 100, 100);
INSERT INTO POKEMON (ID_POKEMON, ID_ENTRENADOR, NUM_POKEDEX, MOTE, CAJA, ATAQUE, ATA_ESPECIAL, DEFENSA, DEF_ESPECIAL, VELOCIDAD, NIVEL, FERTILIDAD, SEXO, ESTADO, EXPERIENCIA, VITALIDAD, VITALIDAD_MAXIMA) VALUES (25, 12, 7, 'Wartortle', 1, 63, 80, 80, 80, 58, 25, 5, 'M', 'Saludable', 0, 100, 100);
INSERT INTO POKEMON (ID_POKEMON, ID_ENTRENADOR, NUM_POKEDEX, MOTE, CAJA, ATAQUE, ATA_ESPECIAL, DEFENSA, DEF_ESPECIAL, VELOCIDAD, NIVEL, FERTILIDAD, SEXO, ESTADO, EXPERIENCIA, VITALIDAD, VITALIDAD_MAXIMA) VALUES (26, 12, 10, 'Caterpie', 1, 30, 20, 35, 20, 45, 5, 5, 'M', 'Saludable', 0, 100, 100);
INSERT INTO POKEMON (ID_POKEMON, ID_ENTRENADOR, NUM_POKEDEX, MOTE, CAJA, ATAQUE, ATA_ESPECIAL, DEFENSA, DEF_ESPECIAL, VELOCIDAD, NIVEL, FERTILIDAD, SEXO, ESTADO, EXPERIENCIA, VITALIDAD, VITALIDAD_MAXIMA) VALUES (27, 12, 16, 'Pidgey', 1, 45, 35, 40, 35, 56, 5, 5, 'M', 'Saludable', 0, 100, 100);
INSERT INTO POKEMON (ID_POKEMON, ID_ENTRENADOR, NUM_POKEDEX, MOTE, CAJA, ATAQUE, ATA_ESPECIAL, DEFENSA, DEF_ESPECIAL, VELOCIDAD, NIVEL, FERTILIDAD, SEXO, ESTADO, EXPERIENCIA, VITALIDAD, VITALIDAD_MAXIMA) VALUES (28, 12, 19, 'Rattata', 1, 56, 35, 35, 35, 72, 5, 5, 'M', 'Saludable', 0, 100, 100);
INSERT INTO POKEMON (ID_POKEMON, ID_ENTRENADOR, NUM_POKEDEX, MOTE, CAJA, ATAQUE, ATA_ESPECIAL, DEFENSA, DEF_ESPECIAL, VELOCIDAD, NIVEL, FERTILIDAD, SEXO, ESTADO, EXPERIENCIA, VITALIDAD, VITALIDAD_MAXIMA) VALUES (29, 12, 23, 'Ekans', 1, 60, 40, 44, 54, 55, 5, 5, 'M', 'Saludable', 0, 100, 100);
INSERT INTO POKEMON (ID_POKEMON, ID_ENTRENADOR, NUM_POKEDEX, MOTE, CAJA, ATAQUE, ATA_ESPECIAL, DEFENSA, DEF_ESPECIAL, VELOCIDAD, NIVEL, FERTILIDAD, SEXO, ESTADO, EXPERIENCIA, VITALIDAD, VITALIDAD_MAXIMA) VALUES (30, 1, 10, 'Caterpie', 2, 30, 20, 35, 20, 45, 5, 5, 'M', 'Saludable', 0, 100, 100);
INSERT INTO POKEMON (ID_POKEMON, ID_ENTRENADOR, NUM_POKEDEX, MOTE, CAJA, ATAQUE, ATA_ESPECIAL, DEFENSA, DEF_ESPECIAL, VELOCIDAD, NIVEL, FERTILIDAD, SEXO, ESTADO, EXPERIENCIA, VITALIDAD, VITALIDAD_MAXIMA) VALUES (31, 1, 16, 'Pidgey', 2, 45, 35, 40, 35, 56, 5, 5, 'M', 'Saludable', 0, 100, 100);
INSERT INTO POKEMON (ID_POKEMON, ID_ENTRENADOR, NUM_POKEDEX, MOTE, CAJA, ATAQUE, ATA_ESPECIAL, DEFENSA, DEF_ESPECIAL, VELOCIDAD, NIVEL, FERTILIDAD, SEXO, ESTADO, EXPERIENCIA, VITALIDAD, VITALIDAD_MAXIMA) VALUES (32, 1, 19, 'Rattata', 2, 56, 35, 35, 35, 72, 5, 5, 'M', 'Saludable', 0, 100, 100);
INSERT INTO POKEMON (ID_POKEMON, ID_ENTRENADOR, NUM_POKEDEX, MOTE, CAJA, ATAQUE, ATA_ESPECIAL, DEFENSA, DEF_ESPECIAL, VELOCIDAD, NIVEL, FERTILIDAD, SEXO, ESTADO, EXPERIENCIA, VITALIDAD, VITALIDAD_MAXIMA) VALUES (33, 1, 23, 'Ekans', 2, 60, 40, 44, 54, 55, 5, 5, 'M', 'Saludable', 0, 100, 100);
INSERT INTO POKEMON (ID_POKEMON, ID_ENTRENADOR, NUM_POKEDEX, MOTE, CAJA, ATAQUE, ATA_ESPECIAL, DEFENSA, DEF_ESPECIAL, VELOCIDAD, NIVEL, FERTILIDAD, SEXO, ESTADO, EXPERIENCIA, VITALIDAD, VITALIDAD_MAXIMA) VALUES (34, 2, 58, 'Growlithe', 2, 70, 50, 45, 60, 55, 20, 5, 'M', 'Saludable', 0, 100, 100);
INSERT INTO POKEMON (ID_POKEMON, ID_ENTRENADOR, NUM_POKEDEX, MOTE, CAJA, ATAQUE, ATA_ESPECIAL, DEFENSA, DEF_ESPECIAL, VELOCIDAD, NIVEL, FERTILIDAD, SEXO, ESTADO, EXPERIENCIA, VITALIDAD, VITALIDAD_MAXIMA) VALUES (35, 2, 25, 'Pikachu', 2, 55, 50, 40, 50, 90, 20, 5, 'M', 'Saludable', 0, 100, 100);
INSERT INTO POKEMON (ID_POKEMON, ID_ENTRENADOR, NUM_POKEDEX, MOTE, CAJA, ATAQUE, ATA_ESPECIAL, DEFENSA, DEF_ESPECIAL, VELOCIDAD, NIVEL, FERTILIDAD, SEXO, ESTADO, EXPERIENCIA, VITALIDAD, VITALIDAD_MAXIMA) VALUES (36, 2, 151, 'Mew', 2, 100, 100, 100, 100, 100, 30, 5, 'M', 'Saludable', 0, 100, 100);
INSERT INTO POKEMON (ID_POKEMON, ID_ENTRENADOR, NUM_POKEDEX, MOTE, CAJA, ATAQUE, ATA_ESPECIAL, DEFENSA, DEF_ESPECIAL, VELOCIDAD, NIVEL, FERTILIDAD, SEXO, ESTADO, EXPERIENCIA, VITALIDAD, VITALIDAD_MAXIMA) VALUES (37, 2, 151, 'Mew', 2, 100, 100, 100, 100, 100, 30, 5, 'M', 'Saludable', 0, 100, 100);
INSERT INTO POKEMON (ID_POKEMON, ID_ENTRENADOR, NUM_POKEDEX, MOTE, CAJA, ATAQUE, ATA_ESPECIAL, DEFENSA, DEF_ESPECIAL, VELOCIDAD, NIVEL, FERTILIDAD, SEXO, ESTADO, EXPERIENCIA, VITALIDAD, VITALIDAD_MAXIMA) VALUES (38, 11, 77, 'Ponyta', 2, 85, 65, 55, 65, 90, 20, 5, 'F', 'Saludable', 0, 100, 100);
INSERT INTO POKEMON (ID_POKEMON, ID_ENTRENADOR, NUM_POKEDEX, MOTE, CAJA, ATAQUE, ATA_ESPECIAL, DEFENSA, DEF_ESPECIAL, VELOCIDAD, NIVEL, FERTILIDAD, SEXO, ESTADO, EXPERIENCIA, VITALIDAD, VITALIDAD_MAXIMA) VALUES (39, 11, 133, 'Eevee', 2, 55, 55, 50, 45, 55, 20, 5, 'M', 'Saludable', 0, 100, 100);
INSERT INTO POKEMON (ID_POKEMON, ID_ENTRENADOR, NUM_POKEDEX, MOTE, CAJA, ATAQUE, ATA_ESPECIAL, DEFENSA, DEF_ESPECIAL, VELOCIDAD, NIVEL, FERTILIDAD, SEXO, ESTADO, EXPERIENCIA, VITALIDAD, VITALIDAD_MAXIMA) VALUES (40, 11, 151, 'Mew', 2, 100, 100, 100, 100, 100, 30, 5, 'M', 'Saludable', 0, 100, 100);
INSERT INTO POKEMON (ID_POKEMON, ID_ENTRENADOR, NUM_POKEDEX, MOTE, CAJA, ATAQUE, ATA_ESPECIAL, DEFENSA, DEF_ESPECIAL, VELOCIDAD, NIVEL, FERTILIDAD, SEXO, ESTADO, EXPERIENCIA, VITALIDAD, VITALIDAD_MAXIMA) VALUES (41, 11, 151, 'Mew', 2, 100, 100, 100, 100, 100, 30, 5, 'M', 'Saludable', 0, 100, 100);
INSERT INTO POKEMON (ID_POKEMON, ID_ENTRENADOR, NUM_POKEDEX, MOTE, CAJA, ATAQUE, ATA_ESPECIAL, DEFENSA, DEF_ESPECIAL, VELOCIDAD, NIVEL, FERTILIDAD, SEXO, ESTADO, EXPERIENCIA, VITALIDAD, VITALIDAD_MAXIMA) VALUES (42, 12, 25, 'Electro', 2, 70, 65, 50, 60, 110, 35, 5, 'M', 'Saludable', 0, 100, 100);
INSERT INTO POKEMON (ID_POKEMON, ID_ENTRENADOR, NUM_POKEDEX, MOTE, CAJA, ATAQUE, ATA_ESPECIAL, DEFENSA, DEF_ESPECIAL, VELOCIDAD, NIVEL, FERTILIDAD, SEXO, ESTADO, EXPERIENCIA, VITALIDAD, VITALIDAD_MAXIMA) VALUES (43, 12, 16, 'Pidgey', 2, 45, 35, 40, 35, 56, 5, 5, 'M', 'Saludable', 0, 100, 100);
INSERT INTO POKEMON (ID_POKEMON, ID_ENTRENADOR, NUM_POKEDEX, MOTE, CAJA, ATAQUE, ATA_ESPECIAL, DEFENSA, DEF_ESPECIAL, VELOCIDAD, NIVEL, FERTILIDAD, SEXO, ESTADO, EXPERIENCIA, VITALIDAD, VITALIDAD_MAXIMA) VALUES (44, 12, 19, 'Rattata', 2, 56, 35, 35, 35, 72, 5, 5, 'M', 'Saludable', 0, 100, 100);
INSERT INTO POKEMON (ID_POKEMON, ID_ENTRENADOR, NUM_POKEDEX, MOTE, CAJA, ATAQUE, ATA_ESPECIAL, DEFENSA, DEF_ESPECIAL, VELOCIDAD, NIVEL, FERTILIDAD, SEXO, ESTADO, EXPERIENCIA, VITALIDAD, VITALIDAD_MAXIMA) VALUES (45, 12, 23, 'Ekans', 2, 60, 40, 44, 54, 55, 5, 5, 'M', 'Saludable', 0, 100, 100);


ALTER TABLE POKEMON
ADD CONSTRAINT PKX_IDENT_FK FOREIGN KEY ID_ENTRENADOR REFERENCES ENTRENADOR(ID_ENTRENADOR);

ALTER TABLE POKEMON
ADD CONSTRAINT PKX_NUMPKX_FK FOREIGN KEY NUM_POKEDEX REFERENCES POKEDEX(NUM_POKEDEX);

CREATE TABLE MOVIMIENTOS(
	ID_MOVIMIENTO INT,
	NOM_MOVIMIENTO VARCHAR(20) NOT NULL,
	POTENCIA INT,
	TIPO VARCHAR(20),
	ESTADO VARCHAR(20),
	QUITA INT,
	TURNOS INT,
	MEJORA VARCHAR(20),
	CANT_MEJORA INT,
	NIVEL_APRENDIZAJE INT NOT NULL,
	CONSTRAINT MOV_ID_PK  PRIMARY KEY(ID_MOVIMIENTO)
);

INSERT INTO MOVIMIENTOS (ID_MOVIMIENTO, NOM_MOVIMIENTO, POTENCIA, TIPO, ESTADO, QUITA, TURNOS, MEJORA, CANT_MEJORA, NIVEL_APRENDIZAJE) VALUES (1, 'Golpe', 40, 'Normal', NULL, NULL, NULL, NULL, NULL, 1);
INSERT INTO MOVIMIENTOS (ID_MOVIMIENTO, NOM_MOVIMIENTO, POTENCIA, TIPO, ESTADO, QUITA, TURNOS, MEJORA, CANT_MEJORA, NIVEL_APRENDIZAJE) VALUES (2, 'Golpe Cuerpo', 50, 'Normal', NULL, NULL, NULL, NULL, NULL, 1);
INSERT INTO MOVIMIENTOS (ID_MOVIMIENTO, NOM_MOVIMIENTO, POTENCIA, TIPO, ESTADO, QUITA, TURNOS, MEJORA, CANT_MEJORA, NIVEL_APRENDIZAJE) VALUES (3, 'Placaje', 50, 'Normal', NULL, NULL, NULL, NULL, NULL, 1);
INSERT INTO MOVIMIENTOS (ID_MOVIMIENTO, NOM_MOVIMIENTO, POTENCIA, TIPO, ESTADO, QUITA, TURNOS, MEJORA, CANT_MEJORA, NIVEL_APRENDIZAJE) VALUES (4, 'Lanzallamas', 90, 'Fuego', NULL, NULL, NULL, NULL, NULL, 20);
INSERT INTO MOVIMIENTOS (ID_MOVIMIENTO, NOM_MOVIMIENTO, POTENCIA, TIPO, ESTADO, QUITA, TURNOS, MEJORA, CANT_MEJORA, NIVEL_APRENDIZAJE) VALUES (5, 'Ascuas', 40, 'Fuego', NULL, NULL, NULL, NULL, NULL, 5);
INSERT INTO MOVIMIENTOS (ID_MOVIMIENTO, NOM_MOVIMIENTO, POTENCIA, TIPO, ESTADO, QUITA, TURNOS, MEJORA, CANT_MEJORA, NIVEL_APRENDIZAJE) VALUES (6, 'Hidrobomba', 110, 'Agua', NULL, NULL, NULL, NULL, NULL, 20);
INSERT INTO MOVIMIENTOS (ID_MOVIMIENTO, NOM_MOVIMIENTO, POTENCIA, TIPO, ESTADO, QUITA, TURNOS, MEJORA, CANT_MEJORA, NIVEL_APRENDIZAJE) VALUES (7, 'Pistola Agua', 40, 'Agua', NULL, NULL, NULL, NULL, NULL, 5);
INSERT INTO MOVIMIENTOS (ID_MOVIMIENTO, NOM_MOVIMIENTO, POTENCIA, TIPO, ESTADO, QUITA, TURNOS, MEJORA, CANT_MEJORA, NIVEL_APRENDIZAJE) VALUES (8, 'Rayo Solar', 120, 'Planta', NULL, NULL, NULL, NULL, NULL, 20);
INSERT INTO MOVIMIENTOS (ID_MOVIMIENTO, NOM_MOVIMIENTO, POTENCIA, TIPO, ESTADO, QUITA, TURNOS, MEJORA, CANT_MEJORA, NIVEL_APRENDIZAJE) VALUES (9, 'Látigo Cepa', 35, 'Planta', NULL, NULL, NULL, NULL, NULL, 5);
INSERT INTO MOVIMIENTOS (ID_MOVIMIENTO, NOM_MOVIMIENTO, POTENCIA, TIPO, ESTADO, QUITA, TURNOS, MEJORA, CANT_MEJORA, NIVEL_APRENDIZAJE) VALUES (10, 'Trueno', 110, 'Eléctrico', NULL, NULL, NULL, NULL, NULL, 20);
INSERT INTO MOVIMIENTOS (ID_MOVIMIENTO, NOM_MOVIMIENTO, POTENCIA, TIPO, ESTADO, QUITA, TURNOS, MEJORA, CANT_MEJORA, NIVEL_APRENDIZAJE) VALUES (11, 'Impactrueno', 30, 'Eléctrico', NULL, NULL, NULL, NULL, NULL, 5);
INSERT INTO MOVIMIENTOS (ID_MOVIMIENTO, NOM_MOVIMIENTO, POTENCIA, TIPO, ESTADO, QUITA, TURNOS, MEJORA, CANT_MEJORA, NIVEL_APRENDIZAJE) VALUES (12, 'Karate Chop', 50, 'Lucha', NULL, NULL, NULL, NULL, NULL, 20);
INSERT INTO MOVIMIENTOS (ID_MOVIMIENTO, NOM_MOVIMIENTO, POTENCIA, TIPO, ESTADO, QUITA, TURNOS, MEJORA, CANT_MEJORA, NIVEL_APRENDIZAJE) VALUES (13, 'Patada Salto Alta', 85, 'Lucha', NULL, NULL, NULL, NULL, NULL, 5);
INSERT INTO MOVIMIENTOS (ID_MOVIMIENTO, NOM_MOVIMIENTO, POTENCIA, TIPO, ESTADO, QUITA, TURNOS, MEJORA, CANT_MEJORA, NIVEL_APRENDIZAJE) VALUES (14, 'Vuelo', 90, 'Volador', NULL, NULL, NULL, NULL, NULL, 25);
INSERT INTO MOVIMIENTOS (ID_MOVIMIENTO, NOM_MOVIMIENTO, POTENCIA, TIPO, ESTADO, QUITA, TURNOS, MEJORA, CANT_MEJORA, NIVEL_APRENDIZAJE) VALUES (15, 'Ataque Ala', 60, 'Volador', NULL, NULL, NULL, NULL, NULL, 5);
INSERT INTO MOVIMIENTOS (ID_MOVIMIENTO, NOM_MOVIMIENTO, POTENCIA, TIPO, ESTADO, QUITA, TURNOS, MEJORA, CANT_MEJORA, NIVEL_APRENDIZAJE) VALUES (16, 'Rayo Veneno', 65, 'Veneno', NULL, NULL, NULL, NULL, NULL, 20);
INSERT INTO MOVIMIENTOS (ID_MOVIMIENTO, NOM_MOVIMIENTO, POTENCIA, TIPO, ESTADO, QUITA, TURNOS, MEJORA, CANT_MEJORA, NIVEL_APRENDIZAJE) VALUES (17, 'Bomba Lodo', 90, 'Veneno', NULL, NULL, NULL, NULL, NULL, 5);
INSERT INTO MOVIMIENTOS (ID_MOVIMIENTO, NOM_MOVIMIENTO, POTENCIA, TIPO, ESTADO, QUITA, TURNOS, MEJORA, CANT_MEJORA, NIVEL_APRENDIZAJE) VALUES (18, 'Terremoto', 100, 'Tierra', NULL, NULL, NULL, NULL, NULL, 20);
INSERT INTO MOVIMIENTOS (ID_MOVIMIENTO, NOM_MOVIMIENTO, POTENCIA, TIPO, ESTADO, QUITA, TURNOS, MEJORA, CANT_MEJORA, NIVEL_APRENDIZAJE) VALUES (19, 'Excavar', 80, 'Tierra', NULL, NULL, NULL, NULL, NULL, 20);
INSERT INTO MOVIMIENTOS (ID_MOVIMIENTO, NOM_MOVIMIENTO, POTENCIA, TIPO, ESTADO, QUITA, TURNOS, MEJORA, CANT_MEJORA, NIVEL_APRENDIZAJE) VALUES (20, 'Confusión', 50, 'Psíquico', NULL, NULL, NULL, NULL, NULL, 5);
INSERT INTO MOVIMIENTOS (ID_MOVIMIENTO, NOM_MOVIMIENTO, POTENCIA, TIPO, ESTADO, QUITA, TURNOS, MEJORA, CANT_MEJORA, NIVEL_APRENDIZAJE) VALUES (21, 'Psíquico', 90, 'Psíquico', NULL, NULL, NULL, NULL, NULL, 15);
INSERT INTO MOVIMIENTOS (ID_MOVIMIENTO, NOM_MOVIMIENTO, POTENCIA, TIPO, ESTADO, QUITA, TURNOS, MEJORA, CANT_MEJORA, NIVEL_APRENDIZAJE) VALUES (22, 'Picadura', 40, 'Bicho', NULL, NULL, NULL, NULL, NULL, 7);
INSERT INTO MOVIMIENTOS (ID_MOVIMIENTO, NOM_MOVIMIENTO, POTENCIA, TIPO, ESTADO, QUITA, TURNOS, MEJORA, CANT_MEJORA, NIVEL_APRENDIZAJE) VALUES (23, 'Reducción', NULL, 'Bicho', NULL, NULL, 1, 'Defensa', -1, 5);
INSERT INTO MOVIMIENTOS (ID_MOVIMIENTO, NOM_MOVIMIENTO, POTENCIA, TIPO, ESTADO, QUITA, TURNOS, MEJORA, CANT_MEJORA, NIVEL_APRENDIZAJE) VALUES (24, 'Golpe Roca', 75, 'Roca', NULL, NULL, NULL, NULL, NULL, 20);
INSERT INTO MOVIMIENTOS (ID_MOVIMIENTO, NOM_MOVIMIENTO, POTENCIA, TIPO, ESTADO, QUITA, TURNOS, MEJORA, CANT_MEJORA, NIVEL_APRENDIZAJE) VALUES (25, 'Derrumbe', 80, 'Roca', NULL, NULL, NULL, NULL, NULL, 30);
INSERT INTO MOVIMIENTOS (ID_MOVIMIENTO, NOM_MOVIMIENTO, POTENCIA, TIPO, ESTADO, QUITA, TURNOS, MEJORA, CANT_MEJORA, NIVEL_APRENDIZAJE) VALUES (26, 'Maldición', NULL, 'Fantasma', NULL, NULL, NULL, NULL, NULL, 5);
INSERT INTO MOVIMIENTOS (ID_MOVIMIENTO, NOM_MOVIMIENTO, POTENCIA, TIPO, ESTADO, QUITA, TURNOS, MEJORA, CANT_MEJORA, NIVEL_APRENDIZAJE) VALUES (27, 'Puño Sombra', 60, 'Fantasma', NULL, NULL, NULL, NULL, NULL, 15);
INSERT INTO MOVIMIENTOS (ID_MOVIMIENTO, NOM_MOVIMIENTO, POTENCIA, TIPO, ESTADO, QUITA, TURNOS, MEJORA, CANT_MEJORA, NIVEL_APRENDIZAJE) VALUES (28, 'Cola Dragón', 60, 'Dragón', NULL, NULL, NULL, NULL, NULL, 30);
INSERT INTO MOVIMIENTOS (ID_MOVIMIENTO, NOM_MOVIMIENTO, POTENCIA, TIPO, ESTADO, QUITA, TURNOS, MEJORA, CANT_MEJORA, NIVEL_APRENDIZAJE) VALUES (29, 'Bola Dragón', 85, 'Dragón', NULL, NULL, NULL, NULL, NULL, 30);
INSERT INTO MOVIMIENTOS (ID_MOVIMIENTO, NOM_MOVIMIENTO, POTENCIA, TIPO, ESTADO, QUITA, TURNOS, MEJORA, CANT_MEJORA, NIVEL_APRENDIZAJE) VALUES (30, 'Golpe Metal', 70, 'Acero', NULL, NULL, NULL, NULL, NULL, 16);
INSERT INTO MOVIMIENTOS (ID_MOVIMIENTO, NOM_MOVIMIENTO, POTENCIA, TIPO, ESTADO, QUITA, TURNOS, MEJORA, CANT_MEJORA, NIVEL_APRENDIZAJE) VALUES (31, 'Cabeza Hierro', 80, 'Acero', NULL, NULL, NULL, NULL, NULL, 17);
INSERT INTO MOVIMIENTOS (ID_MOVIMIENTO, NOM_MOVIMIENTO, POTENCIA, TIPO, ESTADO, QUITA, TURNOS, MEJORA, CANT_MEJORA, NIVEL_APRENDIZAJE) VALUES (32, 'Rayo Hielo', 90, 'Hielo', NULL, NULL, NULL, NULL, NULL, 14);
INSERT INTO MOVIMIENTOS (ID_MOVIMIENTO, NOM_MOVIMIENTO, POTENCIA, TIPO, ESTADO, QUITA, TURNOS, MEJORA, CANT_MEJORA, NIVEL_APRENDIZAJE) VALUES (33, 'Vaho Gélido', 40, 'Hielo', NULL, NULL, NULL, NULL, NULL, 13);

UPDATE MOVIMIENTOS
SET POTENCIA =0
WHERE POTENCIA IS NULL;

UPDATE MOVIMIENTOS
SET MEJORA =''
WHERE MEJORA IS NULL;

UPDATE MOVIMIENTOS
SET ESTADO =''
WHERE ESTADO IS NULL;

CREATE TABLE MOVIMIENTO_POKEMON(
ID_MOVIMIENTO INT,
ID_POKEMON INT,
CONSTRAINT MOV_POK_PK PRIMARY KEY (ID_MOVIMIENTO, ID_POKEMON)
);


INSERT INTO MOVIMIENTO_POKEMON (ID_MOVIMIENTO, ID_POKEMON) VALUES (1, 6);
INSERT INTO MOVIMIENTO_POKEMON (ID_MOVIMIENTO, ID_POKEMON) VALUES (2, 6);
INSERT INTO MOVIMIENTO_POKEMON (ID_MOVIMIENTO, ID_POKEMON) VALUES (3, 6);
INSERT INTO MOVIMIENTO_POKEMON (ID_MOVIMIENTO, ID_POKEMON) VALUES (4, 6);
INSERT INTO MOVIMIENTO_POKEMON (ID_MOVIMIENTO, ID_POKEMON) VALUES (4, 7);  
INSERT INTO MOVIMIENTO_POKEMON (ID_MOVIMIENTO, ID_POKEMON) VALUES (5, 7);  
INSERT INTO MOVIMIENTO_POKEMON (ID_MOVIMIENTO, ID_POKEMON) VALUES (6, 7);  
INSERT INTO MOVIMIENTO_POKEMON (ID_MOVIMIENTO, ID_POKEMON) VALUES (7, 7);  
INSERT INTO MOVIMIENTO_POKEMON (ID_MOVIMIENTO, ID_POKEMON) VALUES (6, 8);  
INSERT INTO MOVIMIENTO_POKEMON (ID_MOVIMIENTO, ID_POKEMON) VALUES (7, 8);  
INSERT INTO MOVIMIENTO_POKEMON (ID_MOVIMIENTO, ID_POKEMON) VALUES (8, 8);  
INSERT INTO MOVIMIENTO_POKEMON (ID_MOVIMIENTO, ID_POKEMON) VALUES (9, 8);  
INSERT INTO MOVIMIENTO_POKEMON (ID_MOVIMIENTO, ID_POKEMON) VALUES (8, 9);  
INSERT INTO MOVIMIENTO_POKEMON (ID_MOVIMIENTO, ID_POKEMON) VALUES (9, 9);  
INSERT INTO MOVIMIENTO_POKEMON (ID_MOVIMIENTO, ID_POKEMON) VALUES (10, 9); 
INSERT INTO MOVIMIENTO_POKEMON (ID_MOVIMIENTO, ID_POKEMON) VALUES (11, 9); 
INSERT INTO MOVIMIENTO_POKEMON (ID_MOVIMIENTO, ID_POKEMON) VALUES (10, 10); 
INSERT INTO MOVIMIENTO_POKEMON (ID_MOVIMIENTO, ID_POKEMON) VALUES (11, 10); 
INSERT INTO MOVIMIENTO_POKEMON (ID_MOVIMIENTO, ID_POKEMON) VALUES (12, 10); 
INSERT INTO MOVIMIENTO_POKEMON (ID_MOVIMIENTO, ID_POKEMON) VALUES (13, 10); 
INSERT INTO MOVIMIENTO_POKEMON (ID_MOVIMIENTO, ID_POKEMON) VALUES (12, 11); 
INSERT INTO MOVIMIENTO_POKEMON (ID_MOVIMIENTO, ID_POKEMON) VALUES (13, 11); 
INSERT INTO MOVIMIENTO_POKEMON (ID_MOVIMIENTO, ID_POKEMON) VALUES (14, 11); 
INSERT INTO MOVIMIENTO_POKEMON (ID_MOVIMIENTO, ID_POKEMON) VALUES (15, 11); 
INSERT INTO MOVIMIENTO_POKEMON (ID_MOVIMIENTO, ID_POKEMON) VALUES (14, 12); 
INSERT INTO MOVIMIENTO_POKEMON (ID_MOVIMIENTO, ID_POKEMON) VALUES (15, 12); 
INSERT INTO MOVIMIENTO_POKEMON (ID_MOVIMIENTO, ID_POKEMON) VALUES (16, 12); 
INSERT INTO MOVIMIENTO_POKEMON (ID_MOVIMIENTO, ID_POKEMON) VALUES (17, 12); 
INSERT INTO MOVIMIENTO_POKEMON (ID_MOVIMIENTO, ID_POKEMON) VALUES (16, 13); 
INSERT INTO MOVIMIENTO_POKEMON (ID_MOVIMIENTO, ID_POKEMON) VALUES (17, 13); 
INSERT INTO MOVIMIENTO_POKEMON (ID_MOVIMIENTO, ID_POKEMON) VALUES (18, 13); 
INSERT INTO MOVIMIENTO_POKEMON (ID_MOVIMIENTO, ID_POKEMON) VALUES (19, 13); 
INSERT INTO MOVIMIENTO_POKEMON (ID_MOVIMIENTO, ID_POKEMON) VALUES (18, 14); 
INSERT INTO MOVIMIENTO_POKEMON (ID_MOVIMIENTO, ID_POKEMON) VALUES (19, 14); 
INSERT INTO MOVIMIENTO_POKEMON (ID_MOVIMIENTO, ID_POKEMON) VALUES (20, 14); 
INSERT INTO MOVIMIENTO_POKEMON (ID_MOVIMIENTO, ID_POKEMON) VALUES (21, 14); 
INSERT INTO MOVIMIENTO_POKEMON (ID_MOVIMIENTO, ID_POKEMON) VALUES (20, 15); 
INSERT INTO MOVIMIENTO_POKEMON (ID_MOVIMIENTO, ID_POKEMON) VALUES (21, 15); 
INSERT INTO MOVIMIENTO_POKEMON (ID_MOVIMIENTO, ID_POKEMON) VALUES (22, 15); 
INSERT INTO MOVIMIENTO_POKEMON (ID_MOVIMIENTO, ID_POKEMON) VALUES (23, 15); 
INSERT INTO MOVIMIENTO_POKEMON (ID_MOVIMIENTO, ID_POKEMON) VALUES (22, 16); 
INSERT INTO MOVIMIENTO_POKEMON (ID_MOVIMIENTO, ID_POKEMON) VALUES (23, 16); 
INSERT INTO MOVIMIENTO_POKEMON (ID_MOVIMIENTO, ID_POKEMON) VALUES (24, 16); 
INSERT INTO MOVIMIENTO_POKEMON (ID_MOVIMIENTO, ID_POKEMON) VALUES (25, 16); 
INSERT INTO MOVIMIENTO_POKEMON (ID_MOVIMIENTO, ID_POKEMON) VALUES (24, 17); 
INSERT INTO MOVIMIENTO_POKEMON (ID_MOVIMIENTO, ID_POKEMON) VALUES (25, 17); 
INSERT INTO MOVIMIENTO_POKEMON (ID_MOVIMIENTO, ID_POKEMON) VALUES (26, 17); 
INSERT INTO MOVIMIENTO_POKEMON (ID_MOVIMIENTO, ID_POKEMON) VALUES (27, 17); 
INSERT INTO MOVIMIENTO_POKEMON (ID_MOVIMIENTO, ID_POKEMON) VALUES (26, 18); 
INSERT INTO MOVIMIENTO_POKEMON (ID_MOVIMIENTO, ID_POKEMON) VALUES (27, 18); 
INSERT INTO MOVIMIENTO_POKEMON (ID_MOVIMIENTO, ID_POKEMON) VALUES (28, 18); 
INSERT INTO MOVIMIENTO_POKEMON (ID_MOVIMIENTO, ID_POKEMON) VALUES (29, 18); 
INSERT INTO MOVIMIENTO_POKEMON (ID_MOVIMIENTO, ID_POKEMON) VALUES (28, 19); 
INSERT INTO MOVIMIENTO_POKEMON (ID_MOVIMIENTO, ID_POKEMON) VALUES (29, 19); 
INSERT INTO MOVIMIENTO_POKEMON (ID_MOVIMIENTO, ID_POKEMON) VALUES (30, 19); 
INSERT INTO MOVIMIENTO_POKEMON (ID_MOVIMIENTO, ID_POKEMON) VALUES (31, 19); 
INSERT INTO MOVIMIENTO_POKEMON (ID_MOVIMIENTO, ID_POKEMON) VALUES (30, 20); 
INSERT INTO MOVIMIENTO_POKEMON (ID_MOVIMIENTO, ID_POKEMON) VALUES (31, 20); 
INSERT INTO MOVIMIENTO_POKEMON (ID_MOVIMIENTO, ID_POKEMON) VALUES (32, 20); 
INSERT INTO MOVIMIENTO_POKEMON (ID_MOVIMIENTO, ID_POKEMON) VALUES (33, 20); 


-- Para el Pokémon con ID_POKEMON = 21 (Tipo: Eléctrico)
INSERT INTO MOVIMIENTO_POKEMON (ID_MOVIMIENTO, ID_POKEMON) VALUES (10, 22); -- Trueno
INSERT INTO MOVIMIENTO_POKEMON (ID_MOVIMIENTO, ID_POKEMON) VALUES (11, 22); -- Impactrueno
INSERT INTO MOVIMIENTO_POKEMON (ID_MOVIMIENTO, ID_POKEMON) VALUES (12, 22); -- Karate Chop
INSERT INTO MOVIMIENTO_POKEMON (ID_MOVIMIENTO, ID_POKEMON) VALUES (13, 22); -- Patada Salto Alta



-- Para el Pokémon con ID_POKEMON = 19 (Tipo: Fuego)
-- Solamente asignaremos movimientos de tipo fuego, de acuerdo con su tipo.

-- Movimientos de tipo fuego
INSERT INTO MOVIMIENTO_POKEMON (ID_MOVIMIENTO, ID_POKEMON) VALUES (4, 21);  -- Lanzallamas
INSERT INTO MOVIMIENTO_POKEMON (ID_MOVIMIENTO, ID_POKEMON) VALUES (5, 21);  -- Ascuas
INSERT INTO MOVIMIENTO_POKEMON (ID_MOVIMIENTO, ID_POKEMON) VALUES (6, 21);  -- Hidrobomba
INSERT INTO MOVIMIENTO_POKEMON (ID_MOVIMIENTO, ID_POKEMON) VALUES (7, 21);  -- Pistola Agua

-- Para el Pokémon con ID_POKEMON = 19 (Tipo: Fuego)
-- Solamente asignaremos movimientos de tipo fuego, de acuerdo con su tipo.

-- Movimientos de tipo fuego
INSERT INTO MOVIMIENTO_POKEMON (ID_MOVIMIENTO, ID_POKEMON) VALUES (4, 38);  -- Lanzallamas
INSERT INTO MOVIMIENTO_POKEMON (ID_MOVIMIENTO, ID_POKEMON) VALUES (5, 38);  -- Ascuas
INSERT INTO MOVIMIENTO_POKEMON (ID_MOVIMIENTO, ID_POKEMON) VALUES (6, 38);  -- Hidrobomba
INSERT INTO MOVIMIENTO_POKEMON (ID_MOVIMIENTO, ID_POKEMON) VALUES (7, 38);  -- Pistola Agua

-- Para el Pokémon con ID_POKEMON = 19 (Tipo: Fuego)
-- Solamente asignaremos movimientos de tipo fuego, de acuerdo con su tipo.

-- Movimientos de tipo fuego
INSERT INTO MOVIMIENTO_POKEMON (ID_MOVIMIENTO, ID_POKEMON) VALUES (4, 39);  -- Lanzallamas
INSERT INTO MOVIMIENTO_POKEMON (ID_MOVIMIENTO, ID_POKEMON) VALUES (5, 39);  -- Ascuas
INSERT INTO MOVIMIENTO_POKEMON (ID_MOVIMIENTO, ID_POKEMON) VALUES (6, 39);  -- Hidrobomba
INSERT INTO MOVIMIENTO_POKEMON (ID_MOVIMIENTO, ID_POKEMON) VALUES (7, 39);  -- Pistola Agua

-- Para el Pokémon con ID_POKEMON = 41 (Tipo: Psíquico)
-- Solamente asignaremos movimientos de tipo psíquico, de acuerdo con su tipo.

-- Movimientos de tipo psíquico
INSERT INTO MOVIMIENTO_POKEMON (ID_MOVIMIENTO, ID_POKEMON) VALUES (20, 41); -- Confusión
INSERT INTO MOVIMIENTO_POKEMON (ID_MOVIMIENTO, ID_POKEMON) VALUES (21, 41); -- Psíquico
INSERT INTO MOVIMIENTO_POKEMON (ID_MOVIMIENTO, ID_POKEMON) VALUES (22, 41); -- Picadura
INSERT INTO MOVIMIENTO_POKEMON (ID_MOVIMIENTO, ID_POKEMON) VALUES (23, 41); -- Reducción

-- Para el Pokémon con ID_POKEMON = 41 (Tipo: Psíquico)
-- Solamente asignaremos movimientos de tipo psíquico, de acuerdo con su tipo.

-- Movimientos de tipo psíquico
INSERT INTO MOVIMIENTO_POKEMON (ID_MOVIMIENTO, ID_POKEMON) VALUES (20, 40); -- Confusión
INSERT INTO MOVIMIENTO_POKEMON (ID_MOVIMIENTO, ID_POKEMON) VALUES (21, 40); -- Psíquico
INSERT INTO MOVIMIENTO_POKEMON (ID_MOVIMIENTO, ID_POKEMON) VALUES (22, 40); -- Picadura
INSERT INTO MOVIMIENTO_POKEMON (ID_MOVIMIENTO, ID_POKEMON) VALUES (23, 40); -- Reducción

-- Para el Pokémon con ID_POKEMON = 41 (Tipo: Psíquico)
-- Solamente asignaremos movimientos de tipo psíquico, de acuerdo con su tipo.

-- Movimientos de tipo psíquico
INSERT INTO MOVIMIENTO_POKEMON (ID_MOVIMIENTO, ID_POKEMON) VALUES (20, 23); -- Confusión
INSERT INTO MOVIMIENTO_POKEMON (ID_MOVIMIENTO, ID_POKEMON) VALUES (21, 23); -- Psíquico
INSERT INTO MOVIMIENTO_POKEMON (ID_MOVIMIENTO, ID_POKEMON) VALUES (22, 23); -- Picadura
INSERT INTO MOVIMIENTO_POKEMON (ID_MOVIMIENTO, ID_POKEMON) VALUES (23, 23); -- Reducción




alter table movimientos
add COLUMN NUM_USOS int;


update movimientos
set num_usos=10;


ALTER TABLE MOVIMIENTO_POKEMON
ADD CONSTRAINT MOV_IDMOVI_FK FOREIGN KEY ID_MOVIMIENTO REFERENCES MOVIMIENTOS(ID_MOVIMIENTO);

ALTER TABLE MOVIMIENTO_POKEMON
ADD CONSTRAINT MOV_IDPOKE_FK FOREIGN KEY ID_POKEMON REFERENCES POKEMON(ID_POKEMON);

CREATE TABLE OBJETO(
ID_OBJETO INT,
NOMBRE VARCHAR(20) NOT NULL,
ATAQUE INT,
AT_ESPECIAL INT,
DEFENSA INT,
DEF_ESPECIAL INT,
VELOCIDAD INT,
PRECIO_UNIDAD INT,
CONSTRAINT OBJ_PK PRIMARY KEY (ID_OBJETO)
);

CREATE TABLE MOCHILA(
ID_ENTRENADOR INT,
ID_OBJETO INT,
NUMERO_OBJETOS INT NOT NULL,
CONSTRAINT MOCHI_PK PRIMARY KEY(ID_ENTRENADOR,ID_OBJETO)
);

ALTER TABLE MOCHILA
ADD CONSTRAINT MOCHI_ENT_FK FOREIGN KEY ID_ENTRENADOR REFERENCES ENTRENADOR(ID_ENTRENADOR);

ALTER TABLE MOCHILA
ADD CONSTRAINT MOCHI_OBJ_FK FOREIGN KEY ID_OBJETO REFERENCES OBJETO(ID_OBJETO);

CREATE TABLE COMBATE(
ID_COMBATE INT,
FECHA_HORA DATETIMESTAMP NOT NULL,
ID_ENTRENADOR INT,
CONSTRAINT COM_PK PRIMARY KEY (ID_COMBATE)
);

ALTER TABLE COMBATE
ADD CONSTRAINT COM_ENT_FK FOREIGN KEY ID_ENTRENADOR REFERENCES ENTRENADOR(ID_ENTRENADOR);

CREATE TABLE TURNO(
ID_TURNO INT,
ACCION_ENTRENADOR VARCHAR(200) NOT NULL,
ACCION_RIVAL VARCHAR(200) NOT NULL,
ID_COMBATE INT,
CONSTRAINT TURNO_PK PRIMARY KEY(ID_TURNO),
);

ALTER TABLE TURNO
ADD CONSTRAINT TUR_COM_FK FOREIGN KEY ID_COMBATE REFERENCES COMBATE(ID_COMBATE);
